Final_Class,Codes_Selected,Final_Justification,Confidence,original_index,narr_accf
AE200 only,PC300_Physical_Mental_Limitations,The pilot's belief that applying less rudder and brake pressure could have prevented the accident indicates a limitation in their physical or mental state regarding the control inputs required for safe operation.,Medium,0,"The pilot and passenger were returning from a local flight.  During landing rollout, the tail rose off the runway, and the airplane nosed over.  It came to rest upside down on the runway centerline with no injuries to the occupants.  The airframe sustained damage to the fuselage, both wings, the vertical stabilizer, and the rudder.  The pilot stated there were no issues with the airplane and thought that applying less rudder and brake pressure might have prevented the accident."
AE100 only,PC100_Mental_States,The pilot's fear during landing indicates a mental state that could lead to unsafe acts.,High,1,"The pilot reported that during landing the airplane bounced multiple times. During each successive bounce, the airplane gained more altitude to the point that the pilot was scared. He added full power to go around, the airplane turned left, and he was unable to maintain control. The airplane impacted a ditch off the side of the runway and sustained substantial damage to the fuselage. The pilot reported that there were no preimpact mechanical malfunctions or failures with the airplane that would have precluded normal operation."
AE100 only,PE100_Physical_Environment,The pilot's concern with a military helicopter indicates a potential unsafe act related to the physical environment affecting the operation.,Medium,2,"The pilot reported, that while conducting a full stop landing, he was concerned with a military helicopter about ¾ of the way down the right side of the runway.  Due to the helicopter’s position, he reduced the engine power to idle and touched down about 10 mph faster than usual.  During the rollout, the pilot overcorrected to the left, the airplane tilted to the right, and the right wing contacted the ground.  The right main landing gear collapsed, and the right wing sustained substantial damage.  The pilot reported that there was a possibility of rotor wash from the military helicopter. There was no evidence of any preimpact mechanical malfunctions or failures with the airplane that would have precluded normal operations."
AE200 only,"PE200_Tools_Technology, PP100_Communication_Coordination_Planning, PC100_Mental_States","The presence of the landing gear position warning horn and the conversation about extending the landing gear indicate a potential unsafe act related to the use of technology and communication, but there is no evidence of an actual unsafe act occurring.",Medium,3,"On the downwind leg of the traffic pattern the pilot receiving instruction and the flight instructor were having a conversation about when to extend the landing gear, as the pilot receiving instruction was new to this airplane. During this discussion the pilots were contacted by air traffic control (ATC) and a conversation took place about a possible change of runway. After the exchange with ATC the pilots did not return to their conversation about when to extend the landing gear. After being cleared to land, the pilot receiving instruction performed a normal approach to landing. The pilots reported that they realized they had forgotten to extend the landing gear when they heard the airplane contact the runway. The airplane skidded down the asphalt, resulting in substantial damage to the external longerons of the fuselage. The flight instructor reported that there were no preaccident mechanical malfunctions or failures with the airplane that would have precluded normal operation.
The airplane was equipped with a landing gear position warning horn that was designed to sound when either of the throttles were pulled back for landing. Neither pilot specifically remembered hearing the warning horn during the accident landing. After the airplane was recovered, the landing gear warning horn was tested and was found to operate normally."
AE100 only,PE100_Physical_Environment,"The pilot was operating in a challenging physical environment surrounded by tall trees, which could lead to unsafe acts.",Medium,4,"The pilot reported that he completed a full preflight inspection of the airplane with no issues noted, including inspecting all the flight control surfaces. During the run-up, the pilot checked all the flight controls and he noted they “all checked perfect.” The pilot was operating at a remote airport that was surrounded by pine trees, about 90 ft tall, on all sides. The takeoff roll from the snow-covered runway was “normal” and about 150 ft agl, the airplane “started turning/pulling left” in a descending turn. The pilot attempted to correct the turn and descent to no avail. The pilot decided to continue to use engine power until the airplane impacted trees. The airplane impacted several trees and came to rest nose down. The pilot was able to egress from the airplane without further incident. _x000D_
The airplane sustained substantial damage to the fuselage, both wings, and the engine mount. The pilot reported there were no preimpact mechanical malfunctions or failures with the airframe or the engine that would have precluded normal operation. A postaccident examination of the airframe established flight control continuity."
AE200 only,,"The pilot's mental state contributed to the unsafe act of approaching the wrong airport, indicating a lack of situational awareness.",High,5,"The pilot reported that his intended destination airport was Cedar Ridge Airport (GA62), Griffin, GA, but due to misidentification of the airport while airborne, he landed at Brook Bridge Aerodrome (8GA9), Vaughn, GA. He reported that he did not realize he was approaching the wrong airport until he was “too low and too slow.” The airplane touched down on a shared taxiway/driveway before impacting a utility pole with the left wing. Subsequently, the airplane spun and impacted trees resulting in substantial damage to the left wing, nose structure, and right wing. The pilot reported that there were no pre-accident mechanical malfunctions or failures with the airplane that would have precluded normal operation."
AE200 only,PE200_Tools_Technology,"The evidence indicates that the tools and technology operated as per procedures, which suggests a potential unsafe act related to the use of technology.",Medium,6,"The flight instructor reported that he and the private pilot receiving instruction had just completed their seventh landing of the morning. The private pilot reduced the throttle on downwind and the landing gear warning horn sounded so he increased the throttle and continued in the traffic pattern. The flight instructor prompted him to extend the flaps and the student stated that he would extend the landing gear. They “confirmed 3 green,” which would indicate that the landing gear was down and locked. During the landing flare, “no gear warning horn was alarming,” but as they got closer to the ground the instructor observed sparks out of the left window. The airplane slid on the runway, came to rest upright, and sustained substantial damage to the lower fuselage longerons. _x000D_
The Federal Aviation Administration (FAA) inspector completed an extensive examination and functional testing of the landing gear system. With the airplane on jacks, he cycled the landing gear at least six times and determined the landing gear, warning annunciations and aural alerts operated per the procedures in the airplane’s maintenance manual and there were no anomalies found."
AE100 only,PE100_Physical_Environment,"The evidence indicates that the pilot was landing under specific wind conditions, which can directly affect the landing performance and decision-making, classifying it as an unsafe act related to the physical environment.",Medium,7,"During the landing attempt with a direct left crosswind in the tailwheel-equipped airplane, the pilot reported he heard a pop, and the airplane veered to the right. The pilot attempted to make a correction to the left to maintain airplane control. The pilot felt the empennage lift and the propeller struck the runway. The right main landing gear collapsed, the right wing struck the runway, and the airplane pivoted around the left main landing gear coming to rest on the runway. The airplane sustained substantial damage to the right wing and wing struts. According to a mechanic, postaccident examination revealed fractures to the landing gear structure that were consistent with an abnormal sideload and subsequent ground loop. No other mechanical failures or malfunctions were reported with the airplane that would have precluded normal operation. _x000D_
At the time of the accident, the pilot was landing the airplane on runway 34 with wind from 250° at 12 knots and gusting to 16 knots."
AE200 only,PE200_Tools_Technology,"The gear misconfigured warning indicates a failure related to tools or technology, which aligns with AE200.",Medium,8,"On a previous flight, the pilot of the amphibious light sport airplane had pulled the landing gear circuit breakers to mitigate the risk of accidentally raising the landing gear while on the ground. Prior to the accident flight, which departed from a hard-surface runway, he serviced the airplane with fuel and performed a preflight check. He intended to perform water landings on an adjacent lake, and after takeoff he selected the gear-up switch but had forgotten to reset the circuit breakers. _x000D_
Shortly after takeoff he felt a light airframe vibration and decided to expedite the landing. While circling the landing spot, and slowing the airplane for the approach, the gear misconfigured warning sounded. However, the pilot silenced the warning because his attention was diverted by the landing due to the vibration, so the gear remained extended as the airplane touched the water. The airplane then nosed over and sustained substantial damage._x000D_
The “before engine start” checklist in the pilot’s operating handbook states that the circuit breakers should be in. There is no reference in the handbook to pulling the circuit breakers to prevent accidental activation."
AE100 only,PE100_Physical_Environment,"The evidence indicates that adverse weather conditions, specifically a right crosswind with gusts, were present at the time of the accident, which can lead to unsafe acts during flight operations.",High,9,"The pilot reported that he completed the before landing checklist while on the downwind leg of the airport traffic pattern.  The approach and landing were completed at a reduced flap setting due to the gusty wind.  After the airplane touched down, the pilot “felt a pull to the left,” and he thought that there might have been an issue with the nose wheel steering.  The airplane ultimately departed the left side of the runway, and the left main landing gear collapsed.  The left wing was damaged during the accident sequence._x000D_
A postaccident examination conducted by a Federal Aviation Administration inspector did not reveal any anomalies with respect to the nose wheel assembly or the steering linkage.  Rudder control continuity was confirmed._x000D_
Surface weather observations indicated that a 50° - 70° right crosswind with gusts to 30 knots prevailed about the time of the accident."
AE100 only,AE100,"The pilot's decision to overfly the frozen lake and pass on the original landing area due to ice cracks and heaves indicates a failure in judgment related to the physical environment, which aligns with unsafe acts classified under AE100.",High,10,"The pilot reported that they overflew the frozen lake and passed on the original landing area due to ice cracks and heaves. He flew to another area of the lake and located a suitable landing spot. He completed a low pass to survey the landing area and confirm its suitability. During the landing roll, he was unable to stop the airplane in the surveyed area; the airplane continued into a crack in the ice and became partially submerged. The airplane sustained substantial damage to the firewall and lower fuselage. The pilot reported that there were no preimpact mechanical malfunctions or failures that would have precluded normal operation."
AE100 only,,"The absence of preconditions indicates that the unsafe acts are likely related to errors in decision-making or actions taken by the operator, which aligns with AE100.",High,11,"The pilot reported that while returning from a 5-hour aerial survey flight, she noticed about a quarter tank of fuel indicated on each fuel gauge and continued the flight toward the destination airport. While on the approach, the pilot noticed that both engines sputtered and both fuel gauges indicated empty. The pilot conducted a forced landing to a highway median, and the airplane impacted guardrails. Both wings, the empennage, and fuselage sustained substantial damage. Postaccident examination of the airplane revealed that the fuel tanks contained no usable fuel."
AE100 only,AE100,"The evidence indicates that the pilot experienced a downdraft during the approach, which is a physical environmental factor that can lead to unsafe acts.",Medium,12,"At the time of the accident, the student pilot was on a solo cross-country flight to obtain a private, single engine airplane add-on to his certificate._x000D_
He reported that during a landing attempt he noted that the approach was stable at a constant airspeed and power setting. The pilot said that at an unknown point in the approach, he experienced a downdraft as he felt “a little push down” and observed a rapid change in his rate of descent. The pilot could not recall at what altitude he encountered the downdraft. The airplane landed hard and sustained substantial damage to the fuselage. _x000D_
The weather station at the airport reported that the wind was calm at the time of the accident. _x000D_
The pilot reported no preimpact mechanical malfunctions or anomalies that could have precluded normal operation."
AE200 only,PE200_Tools_Technology,"The evidence indicates that the airplane did not have a current annual inspection, which relates directly to the unsafe act of operating an aircraft without proper maintenance.",High,13,"The pilot reported that he was moving the airplane from a nearby airport to his residence and was landing on a road. He said that during the landing he used too much brake, lost directional control, and the airplane went off the left side of the road. The right wing struck a pole and the airplane sustained substantial damage to the right wing. The pilot stated that the airplane did not have a current annual inspection and when asked specifically if there were any mechanical problems with the airplane, he said there were none."
AE100 only,AE100,"The evidence indicates that a large bird flew directly in front of the airplane, which is a specific unsafe act related to the physical environment affecting the operation of the aircraft.",High,14,"The flight instructor and the pilot-rated student were in the flying in the airport traffic pattern practicing landings. During the initial climb following a touch-and-go landing, with the student at the controls, a large bird flew directly in front of the airplane. The student attempted to avoid it; however, the bird struck the leading edge of the left wing. The flight instructor took over the controls and landed the airplane uneventfully. An inspector with the Federal Aviation Administration examined the airplane and found that the wing had been substantially damaged as a result of the birdstrike."
AE200 only,,"The decision not to refuel before the flight indicates a potential unsafe act related to inadequate planning or coordination, which aligns with AE200.",Medium,15,"The right seat pilot reported that after performing a preflight inspection, he anticipated the airplane would need to be refueled and subsequently left the fuel caps unlocked. After a discussion with the left seat pilot (who was acting as the pilot-in-command), they decided they would not need to refuel before the flight. Both pilots performed another walk around inspection and neither pilot noticed that the fuel caps remained unlocked.  _x000D_
Shortly after takeoff, the right seat pilot noticed that both fuel caps were not secure, and that fuel was escaping from both main fuel tanks. He elected to make return to the departure airport and land on the opposite direction runway. The pilots were both manipulating the controls when they landed the airplane “hard” on the main landing gear. The airplane then bounced and veered to the right of the runway, impacting a terminal sign and taxi light. The hard landing and subsequent runway excursion resulted in substantial damage to the wings and fuselage. The pilots reported that there were no preaccident mechanical malfunctions or failures with the airplane that would have precluded normal operation."
AE100 only,,"The evidence indicates that the right wing of the airplane impacted bushes, suggesting a failure in the execution of the flight maneuver, which aligns with unsafe acts related to actions taken by the pilot.",High,16,"The pilot reported that during takeoff from the private airstrip, the right wing of the airplane impacted bushes alongside of the narrow turf runway. As a result of the impact, the airplane to yawed to the right. The pilot attempted to pull back on the yoke, but lost control and the airplane impacted the ground and nosed over.  The pilot reported that there were no pre-accident mechanic malfunctions or failures with the airplane that would have precluded normal operation."
AE100 only,AE100,"The pilot reported a gusting wind condition, which indicates an unsafe act related to the physical environment affecting the pilot's performance.",High,17,"The pilot reported that during the approach the airplane was flying “3-5 mph faster than normal” to account for the gusting wind condition. Just prior to the nosewheel touching down, the pilot felt a “strong gust that pulled the nose of the aircraft into the wind.” As the nosewheel touched down, the pilot applied right rudder, and the airplane departed the runway. The airplane impacted a runway sign, the nose gear collapsed, and the airplane came to rest upright with a nose down attitude. The two occupants were able to egress from the airplane without further incident._x000D_
The airplane sustained substantial damage to the engine mount. The pilot reported that there were no preimpact mechanical malfunctions or failures with the airframe or the engine that would have precluded normal operation."
AE100 only,PE100_Physical_Environment,"The evidence indicates that a bird impacted the leading edge of the left wing, which is a physical environmental factor contributing to an unsafe act.",High,18,"The pilot reported that during initial climb, around 700 ft above ground level, a bird impacted the leading edge of the left wing, resulting in substantial damage to the wing. After impacting the bird, the pilot informed air traffic control that he would need to return to the airport, performed a normal traffic pattern, and landed without further incident."
AE100 only,AE100,"The evidence indicates that the pilot was flying low over a river, which suggests a potential unsafe act related to the environment, specifically low altitude flying.",Medium,19,"The pilot reported that he and a passenger had departed for a local sight-seeing flight and while flying low over a river the left wing impacted the water. The impact “pulled the plane into the river,” which resulted in substantial damage to the forward fuselage, wings, and tail structure. The pilot reported that there were no pre-accident mechanic malfunctions or failures with the airplane that would have precluded normal operation."
AE100 only,PE100_Physical_Environment,"The pilot experienced turbulence and wind shear, which are environmental factors that can lead to unsafe acts.",High,20,"The pilot reported that he was flying the RNAV (GPS) approach to runway 24 and experienced turbulence about 1,500 ft mean sea level (msl), which was about 700 ft above ground level (agl). He continued the approach with an airspeed between 95 and 100 kts. He stated that about 50 ft agl and short of the runway, the airplane encountered wind shear that violently forced the airplane to the ground. The airplane impacted the ground in a wings level attitude and continued onto the runway. The left main landing gear separated, the airplane veered off the left side of the runway, then came to rest in the grass facing 180° from the direction of travel. Postaccident photos of the airplane revealed substantial damage to the right wing. The pilot reported no preimpact mechanical malfunctions or failures that would have precluded normal operation. _x000D_
The pilot stated to the responding fire department that there was a 30 kt crosswind on final approach. The recorded wind data around the time of the accident showed the wind was from 250° to 260° and 7 to 11 kts."
AE200 only,"PE100_Physical_Environment, PE200_Tools_Technology, PP100_Communication_Coordination_Planning","The unsafe act is primarily related to the lack of proper tools and technology, specifically the absence of a two-way radio, which directly contributed to the unsafe situation during night operations.",High,21,"According to the airport manager, the non-certificated pilot attempted to land the light sport airplane at night. The airplane was not equipped with a two-way radio to activate the airport’s pilot-controlled runway lights. The pilot’s first landing attempt resulted in a go-around. After the go-around, the pilot called and asked a friend to shine headlights from a vehicle to illuminate the runway. On the second landing attempt, the airplane landed hard, bounced, and the pilot attempted a go-around. During the go-around the airplane impacted a beanfield. The airplane sustained substantial damage to both wings and the fuselage._x000D_
The pilot did not return the National Transportation Safety Board Pilot/Operator Aircraft Accident/Incident Report Form 6120.1."
AE100 only,AE100,"The evidence indicates that the airplane was landing with a direct crosswind from the left, which suggests a potential unsafe act related to the pilot's handling of the aircraft in adverse weather conditions.",Medium,22,"The private pilot was flying with a flight instructor and was working towards his tailwheel endorsement. During a wheel landing attempt with a direct crosswind from the left, the airplane swerved, and the pilot attempted to make a correction by applying right rudder. Subsequently, the airplane ground looped before the flight instructor could take control of the airplane, and the left wing and left elevator struck the runway surface. Following the ground loop, the pilot continued the taxi to the ramp without further incident. The fuselage, left wing, and left elevator sustained substantial damage. The pilot and flight instructor reported that there were no preimpact mechanical malfunctions or failures with the airplane that would have precluded normal operation."
AE100 only,AE100,"The evidence indicates that the pilot encountered a gusting wind, which suggests an unsafe act related to the physical environment affecting the pilot's performance.",Medium,23,"The pilot of the gyroplane reported that, during a touch-and-go landing to the runway, he encountered a gusting wind, causing the gyroplane to veer left to the grass. Subsequently, the gyroplane collided with the runway hold short sign, resulting in substantial damage to the fuselage. The pilot reported that there were no preaccident mechanical malfunctions or failures with the gyroplane that would have precluded normal operation."
AE100 only,AE100,The evidence of landing in a tailwind indicates a specific unsafe act related to the physical environment affecting the landing process.,High,24,"The pilot reported that while landing in a tailwind, he lost directional control on the tail wheeled airplane, and it veered to the left. Subsequently, the main gear exited the runway surface and resulted in the airplane nosing over. The airplane sustained substantial damage to the vertical stabilizer and left-wing strut. The pilot reported that there were no preaccident mechanical failures or malfunctions that would have precluded normal operation."
AE200 only,"PC100_Mental_States, PE200_Tools_Technology","The pilot's mental state indicated a lapse in memory regarding the landing gear, which is a clear unsafe act. The presence of the landing gear position warning horn suggests that the technology was available but not effectively utilized due to the pilot's oversight.",High,25,"The pilot stated that during the landing flare he realized that he forgot to extend the landing gear and determined it was too late to go around.  The underside of the airplane’s fuselage settled onto the runway and skidded down the asphalt, resulting in substantial damage to the structure of the fuselage. The pilot reported there were no mechanical malfunctions that would have prevented normal operation of the airplane._x000D_
The airplane was equipped with a landing gear position warning horn that was designed to sound when the throttle lever was pulled back for landing. The pilot reported that he did not specifically remember hearing the warning horn during the landing flare; however, he stated he might have mistaken the landing gear warning horn for the stall warning horn as he was expecting to hear the stall warning during the landing flare. The pilot reported that when he went back to the airplane after the accident and powered up the airplane’s electrical system, the landing gear warning horn operated normally."
AE100 only,"PE100, PC300",The unsafe act is classified as AE100 only due to the physical environment being choppy water during touchdown and the limitation in the pilot's view caused by the airframe.,Medium,26,"The pilot reported that she had setup for landing on an intracoastal waterway and picked a landing area based on the locations of three nearby boats. During final approach, she had the three boats in sight, one of which was on the far right side of waterway and traveling in the same direction. She determined that the boats would not be a factor and continued to land. The airplane touched down on the choppy water and she added power to keep the airplane on the step. Immediately after touchdown the airplane veered left, then nosed over and sustained substantial damage to the right wing. The pilot egressed the airplane without further incident. She noticed that the recreational boat that was originally on the right side of the waterway was now on the left side and the boat driver stated that the airplane hit the boat. Since the pilot was seated in the left seat, her view to the lower right area of the airplane would have been restricted by the airframe. The pilot added that three other airplanes had just landed on the waterway and there was one more in position to land behind her."
AE200 only,,"The instructor's inability to manage the student's excessive input indicates a failure in the execution of the go-around procedure, which aligns with unsafe acts related to decision-making and performance.",Medium,27,"The flight instructor and the student pilot were practicing a simulated loss of engine power landing procedure. When the airplane was over the runway, it began to “excessively” float and the instructor told the student to go-around. The student added full power and pulled back on the control yoke to initiate the go-around. The instructor said the airplane almost immediately banked toward the left of the runway. He immediately took over the controls and attempted to recover from the situation; however, he said that he was unable to overpower the student’s excessive input and the airplane impacted the ground resulting in substantial damage to the right wing. The instructor reported that there were no preimpact mechanical malfunctions or failures of the airplane that would have precluded normal operation."
AE100 only,,"The absence of preconditions indicates that the unsafe acts are likely related to errors in decision-making or actions taken by the operator, which aligns with AE100.",High,28,"The pilot reported that, while turning from the left base to the final approach leg of the airport traffic pattern, the airplane’s stall warning horn sounded. The pilot pitched the airplane’s nose down and increased engine power. The airplane then “violent[ly]” pitched up and to the left. He continued his attempt to regain control, but the airplane then pitched up and to the right, and eventually impacted terrain about 200 ft short of the runway threshold. The pilot and passenger incurred minor injuries, and the airplane sustained substantial damage to the empennage, both wings, and engine mount. The pilot reported that there were no preimpact mechanical malfunctions or failures of the airplane that would have precluded normal operation."
AE100 only,AE100,"The evidence indicates that the pilot experienced a crosswind that affected the landing, which aligns with unsafe acts related to pilot error in handling environmental conditions.",High,29,"The pilot reported that upon landing a crosswind “pushed” the airplane off the runway. The airplane encountered a ditch, crossed a taxiway, and impacted a fence. The airplane sustained damage to the fuselage, both wings, and the left-wing strut. The pilot reported that there were no preaccident failures or malfunctions with the airplane which would have precluded normal operation."
AE200 only,PE200_Tools_Technology,The presence of the squat switch indicates a technological factor that could have contributed to the unsafe act of retracting the landing gear instead of the flaps.,Medium,30,"The pilot reported that during the landing rollout on a 3,001-ft-long, asphalt runway, he intended to retract the flaps, but instead he retracted the landing gear. The result was that all three of the landing gear assemblies retracted into their respective wheel wells during the landing roll. The lower fuselage stringers were substantially damaged. The pilot added that there were no preimpact mechanical malfunctions with the airplane. _x000D_
The airplane was equipped with a squat switch on the left main landing gear that was designed to prevent the landing gear from inadvertently retracting; however, the switch required that sufficient weight be on the landing gear in order to work effectively. The pilot stated, and a video of the landing confirmed, that the airplane was still moving at relatively high speed when he selected the landing gear handle to the retracted position. The pilot reported that the squat switch was tested at the last annual inspection and that it operated normally during the inspection. Based on this information, it is likely that the airplane’s wings were still generating lift when the landing gear handle was selected to the retracted position and the gear struts was not compressed enough to activate the squat switch."
AE200 only,,The pilot's lack of recent experience with go-arounds or touch-and-go landings in the specific airplane make and model indicates a potential unsafe act related to inadequate skill or knowledge.,Medium,31,"The pilot and the flight instructor planned a flight itinerary that included multiple stops with the aim of the pilot receiving 7 hours of training in the airplane. Prior to the accident, the flight instructor learned that the pilot had not performed go-arounds or touch-and-go landings in the airplane make and model. Upon flying the airplane into the accident airport, the favorable weather conditions and lack of air traffic led them to decide to conduct the training in the traffic pattern there. _x000D_
The first landing was made by the pilot to a full stop with taxi back. The second landing, which was a touch-and-go, was performed by the flight instructor. The third, followed by the fourth and final landing was performed by the pilot. During the fourth landing, with the wing flaps fully extended, the pilot lost directional control of the airplane and attempted to abort the landing as the airplane veered to the left (a right crosswind prevailed at that time). The pilot tried to correct back toward to the runway centerline, but the airplane went off the left side of the runway. The airplane then touched down in the grass, traveled down an embankment, nosed over, and came to rest inverted. The airframe was substantially damaged during the accident sequence. The pilot reported that there were no preimpact mechanical malfunctions or failures of the airplane that would have precluded normal operation."
AE200 only,"PE200_Tools_Technology, PC300_Physical_Mental_Limitations","The pilot's action of accidentally advancing the elevator trim lever instead of the throttle lever indicates a misuse of tools/technology, and the intention to abort the landing suggests a limitation in physical or mental state.",High,32,"The pilot purchased the airplane the day prior to the accident. During the landing at the destination airport, the airplane bounced, and the pilot intended to abort the landing; however, he accidentally advanced the elevator trim lever, rather than the throttle lever (which were similarly positioned and shaped). The airplane subsequently touched down a second time nose-low, resulting in damage to the main landing gear and propeller. Several fuselage tubes were also substantially damaged during the landing. The pilot stated that there were no preimpact mechanical malfunctions or failures of the airplane that would have precluded normal operation."
AE200 only,PE200_Tools_Technology,"The evidence indicates a failure of the system’s hydraulic filter, which directly relates to the technology involved in the landing gear operation.",High,33,"The pilot said that he extended the airplane’s landing gear in preparation to land but did not confirm if the gear was down and locked. As such, he was not aware that the landing gear did not extend due to a failure of the system’s hydraulic filter. The pilot landed gear up, resulting in substantial damage to the fuselage. The pilot said that when the airplane was recovered from the runway, recovery personnel were able to lift the airplane and extend the landing gear using the emergency gear hand pump."
AE200 only,,"The pilot's mental state contributed to the unsafe act of allowing the airplane to get 'too slow', indicating a decision-making error.",High,34,"The pilot was practicing an emergency descent and landing when he deployed full wing flaps and descended to the touchdown point. About 10 to 15 ft above ground level, the airplane encountered a rapid sink rate that he failed to arrest. The airplane touched down hard, and the fuselage was substantially damaged. The pilot stated that, upon reflection, if he had added the power and extended the airplane’s glide path, he might have been in a better position for landing; however, he allowed the airplane to get “too slow.”_x000D_
The pilot reported no mechanical anomalies with the airplane that would have precluded normal operation."
AE200 only,AE200,"The UAS registered a low voltage health alert due to an insufficiently charged battery, indicating a failure related to tools and technology.",High,35,"The operator of the unmanned aircraft system (UAS) reported that during a test flight, the UAS descended, delivered a package to the practice location, and began a vertical climb to return to the landing zone. During the vertical climb, the UAS registered a low voltage health alert and initiated an “urgent land maneuver.”  During the maneuver, the UAS battery depleted to a point where it lost propulsive power, and impacted terrain, resulting in substantial damage to all 4 wings, and spar damage to the number 2, 3, and 4 wings.   _x000D_
Postaccident review of the circumstances surrounding the flight by the operator revealed that an insufficiently charged battery had been installed on the UAS. _x000D_
The operator reported that there were no preaccident mechanical failures or malfunctions with the UAS that would have precluded normal operation."
AE100 only,AE100,"The pilot's focus on the motorcycle indicates a distraction, which aligns with unsafe acts related to attention and situational awareness.",High,36,"The pilot reported that after landing at the airport, he was taxing the airplane on the dry asphalt. During the taxi, he observed a motorcycle on the taxiway coming toward the airplane. While focusing on the motorcycle, the right wing impacted several garbage cans, the airplane turned to the right, and impacted a hangar door. The airplane came to rest upright, and the pilot was able to egress from the airplane without further incident._x000D_
The airplane sustained substantial damage to the right wing. The pilot reported that there were no preimpact mechanical malfunctions or failures with the airframe or the engine that would have precluded normal operation. This was the pilot’s first visit to the airport, and he reported he did not visually observe the garbage cans during the taxi, as they were in an area that was shadowed from a hangar. According to the Federal Aviation Administration Chart Supplement for the airport, the remarks section states, “uncontrolled vehicle tfc inv of hangars and on twys.”"
AE200 only,,"The evidence indicates that the pilot was likely applying brake pressure inadvertently, which suggests a failure in the execution of a task related to aircraft control, aligning with unsafe acts classified under AE200.",Medium,37,"The pilot of the tailwheel-equipped airplane intended to spend the day practicing takeoffs and landings at multiple remote backcountry sites with a group of three other similar airplanes. He practiced at the original departure airport before the other group arrived and reported that those flights were nominal. The group then departed for the first intended destination, which was a flat landing site surrounded by tall grass and brush. Those landings were uneventful, so the group decided to proceed to another close landing spot._x000D_
This landing area appeared wider and flatter than the previous, however the grass was taller and thicker, such that the ground was obscured. The first airplane landed uneventfully, and the accident pilot decided that rather than landing he would perform a touch-and-go, with the wheels touching the grass so he could assess the conditions. As the pilot began to flare the airplane, he decided that it was safe to proceed with a full-stop landing. As the wheels touched the ground, it became apparent that the surface was much rougher than he anticipated, and the airplane bounced after the main wheels touched two large rocks 200 ft into the ground roll. The pilot retracted the flaperons and as the airplane decelerated the nose began to drop, even though he was holding the control stick full aft. The pilot stated that he was likely inadvertently applying brake pressure as he pushed against the rudder pedals to pull back further on the control stick, and that this may have exacerbated the pitch down motion. The airplane then nosed over._x000D_
The airplane came to rest inverted and sustained substantial damage to both wing struts and multiple wing ribs."
AE100 only,AE100,"The presence of heavy turbulence indicates a physical environmental factor that could lead to unsafe acts, specifically related to the handling of the aircraft during turbulent conditions.",Medium,38,"The pilot reported that he was attempting a second landing, after going around due to “heavy turbulence” on his first approach. He reported that he experienced a tailwind and the airplane floated before landing “longer than usual.” He applied the brakes but was unable to stop on the runway resulting in a runway overrun. After departing the runway, the airplane impacted a fence resulting in substantial damage to the left wing and engine mount. The pilot reported that there were no preaccident mechanical malfunctions or failures with the airplane that would have precluded normal operation."
AE100 only,"PE100_Physical_Environment, PC100_Mental_States",The change in wind conditions (PE100) and the pilot's admission of being 'just too high' (PC100) indicate unsafe acts related to the physical environment and mental state.,Medium,39,"At the conclusion of the glider flight, the pilot entered the left airport traffic pattern for landing, but the wind conditions had changed, so he maneuvered to the right traffic pattern. While on approach, the glider was too high, so he extended the dive brakes and attempted to slip the glider, but he was unable to lose enough altitude for a safe landing on the runway, and elected to land on an adjacent field. During touchdown, the nose of the glider dug into the soft terrain, resulting in substantial damage to the airframe. The pilot stated there were no preimpact mechanical issues that precluded normal operation or performance and that he was “just too high” and unable to safely land on the runway."
AE100 only,,"The absence of preconditions indicates that the unsafe acts are likely related to errors in decision-making or actions taken by the operator, which aligns with AE100.",High,40,"The pilot reported that about 4 hours and 15 minutes after departure, the engine lost all power. The pilot was successful in restoring engine power by switching fuel tanks and turning on the auxiliary fuel pump. However, the engine lost all power again about 5 miles from the destination runway. The pilot conducted a forced landing to a field, during which the airplane struck a fence resulting in substantial damage to both wings. _x000D_
Postaccident examination of the airplane revealed that the fuel tanks contained no usable fuel. The pilot reported that there were no preaccident mechanical failures or malfunctions with the airplane that would have precluded normal operation."
AE200 only,"PC100_Mental_States, PC300_Physical_Mental_Limitations","The evidence indicates that the student pilot was experiencing difficulty with control inputs and was holding the controls tightly, which suggests a lack of appropriate mental and physical state for safe operation.",High,41,"The flight instructor was teaching the student pilot to hover the helicopter about 5 ft above a grass area. The student pilot was having difficulty with over-controlling the helicopter and had been applying abrupt control inputs. The flight instructor was demonstrating the behavior of the helicopter with the application of collective control when the student pilot raised the collective control too hard, which resulted in the helicopter tilting right. The flight instructor attempted to correct, but the student pilot was holding the controls tightly and the helicopter’s right skid contacted the ground, resulting in a dynamic rollover. The flight instructor reported that there were no preimpact mechanical malfunctions or failures of the helicopter that would have precluded normal operation."
AE200 only,AE200,The pilot's action of attempting to land on a constrained turf runway and likely exceeding the airplane’s critical angle of attack during the aborted landing indicates a decision-making error related to the environment and aircraft limitations.,Medium,42,"The pilot was attempting to land on a constrained turf runway. A witness described that the airplane approached the runway too fast, landed long, and bounced several times. The pilot subsequently aborted the landing with limited runway remaining. The witness described that the airplane “staggered into the air” at a high pitch angle with the wings rocking left and right. The pilot described that the airplane’s nose “dropped” before it impacted the ground. The pilot reported that there were no preimpact mechanical malfunctions or failures of the airplane that would have precluded normal operation. Based on this information, it is likely that the pilot exceeded the airplane’s critical angle of attack during the aborted landing and subsequent initial climb, which resulted in an aerodynamic stall and impact with terrain."
AE100 only,,"The pilot's observation of a deer indicates a potential distraction or an unsafe act related to visual scanning, which aligns with AE100.",Medium,43,"Just prior to touch down, the pilot saw a deer to his left. As the airplane settled, he corrected to the right to avoid the deer but over-corrected and could not straighten the airplane’s path. He added full power to attempt a go-around maneuver; however, the airplane exited the right side of the runway and collided with a drainage culvert. The airplane sustained substantial damage to the fuselage. The pilot reported that there were no preaccident mechanical failures or malfunctions with the airplane that would have precluded normal operation."
AE200 only,PC300_Physical_Mental_Limitations,"The evidence indicates a physical mental limitation as the pilot applicant made a pitch adjustment that resulted in excessive nose pitch down, suggesting a failure in the pilot's ability to manage the aircraft's attitude.",Medium,44,"The check pilot of the multi engine airplane reported that he was conducting a familiarization flight with a pilot that his company was in the process of hiring (pilot applicant.) On final approach, at approximately 100 ft above ground level, the pilot applicant made a pitch adjustment and the airplane’s nose pitched down excessively. Both pilots pulled back on the yokes to arrest the descent, but the airplane impacted terrain short of the runway, which resulted in substantial damage to the right wing and fuselage. The check pilot reported that there were no preaccident mechanical malfunctions or failures with the airplane that would have precluded normal operation."
AE100 only,AE100,"The evidence indicates that the wind shifted during the flight, which suggests a failure to adapt to changing environmental conditions, aligning with unsafe acts related to the physical environment.",Medium,45,"The pilot of the balloon reported that before the flight, the reported wind direction called for a favorable path with many available landing areas; however, during the flight the wind shifted and the balloon traveled over congested living areas and neighborhoods. As he was looking for a place to land the wind was light and variable. He attempted an approach to a cul-de-sac; however, spectators were parked there, preventing a landing. He aborted the approach and tried another to a corner field. That approach was also aborted due to powerlines in the vicinity. He attempted another approach to a “small area” and the balloon’s envelope caught tree limbs during the descent. After becoming briefly suspended in the tree branches about 5 to 8 feet above the ground, the branches broke and balloon basket dropped to the ground. The passenger sustained a minor injury, the pilot was not injured. Postaccident examination of the balloon revealed substantial damage to several fabric panels and two suspension cables. The pilot reported that there were no preaccident mechanical malfunctions or failures with the balloon that would have precluded normal operation."
AE100 only,AE100,"The evidence indicates that an animal (a deer) unexpectedly entered the flight path, which is a clear example of an unsafe act related to the physical environment affecting the pilot's ability to control the aircraft.",High,46,"The pilot reported that while landing, a deer ran in front of the airplane from the left side. The pilot was unable to avoid the collision, and the deer struck the left wing, which resulted in substantial damage to the left wing. The pilot reported that there were no preaccident mechanical failures or malfunctions with the airplane that would have precluded normal operation."
AE100 only,,"The absence of preconditions indicates that the unsafe acts are likely related to errors in decision-making or actions taken by the operator, which aligns with AE100.",High,47,"The flight instructor and the student pilot were practicing crosswind takeoffs and landings.  After completing two successful landings, the student pilot was taxiing back to the runway when the airplane drifted to the right and the right wing impacted a fuel truck parked next to the taxiway.  The impact resulted in substantial damage to the right wing. The flight instructor reported that there were no preaccident mechanical malfunctions or failures with the airplane that would have precluded normal operation."
AE100 only,AE100,"The presence of gusting wind indicates an environmental factor that could lead to unsafe acts, specifically related to the aircraft's handling and control.",Medium,48,"The pilot reported that following a cross-country flight, on the first approach to land he performed a go-around due to gusting wind and an unstable approach. During the second approach to the same runway, the pilot reported that the approach was stable, however, near the runway threshold the airplane began sinking and impacted the runway with all three wheels at once. Subsequently, the airplane immediately veered to the left off the runway despite the pilot’s attempt to apply wheel brakes and maintain directional control. During the runway excursion, the nose landing gear collapsed which resulted in substantial damage to the engine mount and fuselage. The pilot reported that there were no preimpact mechanical malfunctions or failures of the airplane that would have precluded normal operation."
AE100 only,,"The evidence indicates a communication issue where the flight instructor announced 'I have the aircraft', which suggests a potential unsafe act related to the pilot's decision-making or situational awareness.",Medium,49,"The flight instructor and the student pilot were landing the tailwheel-equipped airplane at the destination airport. The flight instructor described that the student’s wheel landing was at the proper speed and aligned with the runway, but with a slight left drift. The student applied right rudder along with (inadvertent) right brake pressure. The flight instructor announced “I have the aircraft” but felt significant resistance on the flight controls. He repeated the call as the airplane approached the right side of the runway. As the airplane progressed toward the grass off the side of the runway, the flight instructor again verbalized that he was trying to take control of the airplane as the student pilot applied both brakes. The airplane then abruptly stopped and nosed over. The airplane’s vertical stabilizer was substantially damaged during the accident. The flight instructor reported that there were no preimpact mechanical malfunctions or failures of the airplane that would have precluded normal operation."
AE200 only,PC300_Physical_Mental_Limitations,The pilot's assumption about flying duration with a specific amount of fuel indicates a potential misjudgment related to physical and mental limitations.,Medium,50,"The pilot reported that he had 48 gallons of fuel on board and assumed that he would be able to fly for about 5 hours. After about 4 hours and 20 minutes of flying, the pilot began his descent for landing at his destination, turned the fuel pump on, and checked the fuel gauges. The gauges read about 3 or 4 gallons of fuel remaining in each fuel tank. Shortly thereafter, the engine quit. The pilot switched fuel tanks and the engine started again momentarily and then quit again. He landed the airplane on a gravel road about 1.5 miles northeast of the airport. After touchdown, the right wing struck a tree and separated from the fuselage resulting in substantial damage. _x000D_
The pilot reported that he believes the airplane ran out fuel, which resulted in the loss of engine power."
AE100 only,AE100,The pilot's awareness of a significant crosswind indicates a potential unsafe act related to the handling of the aircraft under adverse weather conditions.,Medium,51,"The pilot of the tailwheel-equipped airplane was attempting to land on his 1,200-ft-long private airstrip. When he flew by the windsock to check wind direction and speed, he noticed a significant crosswind was prevailing. After turning onto final approach, and after passing the point at which a go-around could be performed due to trees and terrain off the end of the runway, he noticed the wind had changed direction and was now a strong tailwind. He continued the approach and landed more than halfway down the runway, then aggressively applied the brakes to attempt to stop. The airplane subsequently nosed over and sustained substantial damage to the rudder and wings. The pilot reported that there were no preimpact mechanical malfunctions of the airplane that would have precluded normal operation."
AE200 only,,"The evidence indicates that the pilot communicated with the control tower, which suggests a potential issue with the execution of the landing procedure despite confirmation of the landing gear status.",Medium,52,"The pilot was attempting to land when the airplane bounced after touchdown and turned into the wind like a weathervane. The pilot aborted the landing, but as the airplane began to climb, it struck a taxiway light. The pilot thought he struck the left landing gear and contacted the control tower who confirmed that all three-landing gear appeared down and locked. The pilot was able to return to the airport and land without incident. Postaccident examination of the airplane revealed the left horizontal stabilizer was substantially damaged. The pilot reported that there were no preimpact mechanical malfunctions or failures of the airplane that would have precluded normal operation."
AE100 only,,"The absence of preconditions indicates that the unsafe acts are likely related to errors in decision-making or actions taken by the operator, which aligns with AE100.",High,53,"During a maintenance event, a mechanic was asked to evaluate damage to the airplane’s right wing. Further inspection of the right wing and its internal components revealed that the rear wing spar was cracked, and several wing skin rivets had sheared. The right wing strut and right main landing gear strut were also bent. The flight club that operated the airplane reported that 22 pilots had flown the airplane in the recent past and no pilot admitted to any significant event during landing. The substantial damage to the right wing was likely the result of a hard landing; however, due to the several flights flown with the damage, the investigation was not able to determine a specific flight during which the hard landing may have occurred."
AE100 only,AE100,The evidence indicates a change in the physical environment (tailwind) which can lead to unsafe acts related to aircraft control.,Medium,54,"The student pilot was landing on runway 18R on a solo flight and the airplane drifted to the left while between 100-200 ft above the runway. The student pilot initiated a go around. During the go around attempt, the main landing gear touched the ground; one wheel touched the runway surface, and the other wheel touched the grass adjacent to the runway. The right wing impacted the ground. The airplane departed the runway and came to rest upright. The airplane sustained substantial damage to the right wing._x000D_
The student pilot reported there were no preaccident mechanical malfunctions or failures that would have precluded normal operation. The student pilot further reported that the surface wind had shifted to a tailwind during the flight and that the wind at the time of the accident, as observed at the windsock, was from 330°."
AE100 only,PE100_Physical_Environment,"The evidence indicates that the pilot was aware of conflicting wind conditions, which could lead to unsafe acts during takeoff or landing.",Medium,55,"The pilot and pilot-rated-passenger intended to complete a personal cross-country flight with variable wind about 6 knots at the departure airport. The pilot noted the windsock nearest the airplane indicated a tailwind, but the other windsocks farther down the runway indicated a headwind or crosswind. During takeoff, the airplane became airborne faster than expected and climbed well, so the pilot made an early right turn over airport hangars. The airplane’s upper wing slats fluttered which indicated to the pilot that the airspeed was low, then they “came out hard,” which indicated the airplane was near a stall. The pilot ensured the throttle was full forward and decreased pitch attitude to maintain airspeed but felt like the airplane “was being forced down.” Unable to maintain altitude, and with no suitable forced landing area, he maneuvered the airplane to collide with the side of a hangar and the ground, then it nosed over. The airplane sustained substantial damage to the wings, fuselage, and empennage. The pilot reported that there were no preaccident mechanical malfunctions or failures that would have precluded normal operation. _x000D_
Airport surveillance video showed the airplane at low altitude and appeared to climb until it overflew airport hangars. The airplane maintained a climb pitch attitude as it descended into the hangars."
AE100 only,,"The absence of preconditions indicates that the unsafe acts are likely related to errors in decision-making or actions taken by the operator, which aligns with AE100.",High,56,"The flight instructor of the tailwheel-equipped airplane reported that, while demonstrating a wheel landing during an instructional flight with a student in the rear seat, the nose swerved to the right upon lowering the tailwheel. The pilot corrected with left rudder input, but the airplane ground looped to the right, resulting in substantial damage to the left wing. The pilot reported that there were no preaccident mechanical failures or malfunctions with the airplane that would have precluded normal operation."
AE100 only,PE100_Physical_Environment,The pilot's action of erecting barbed wire fences on both sides of the airstrip indicates a physical environment issue that could lead to unsafe acts.,Medium,57,"The pilot stated that he had erected barbed wire fences on both sides of his private airstrip to keep cows off the runway. During takeoff, he veered left and struck the fence. The airplane nosed over, resulting in substantial damage to the wings and empennage. The pilot reported that there were no preimpact mechanical malfunctions of the airplane that would have precluded normal operation."
AE100 only,AE100,"The evidence indicates that the pilot was landing in wind conditions, which may have contributed to unsafe acts during the landing phase.",Medium,58,"The pilot of the balloon reported that during a landing, with wind about 8 knots, she used her smart vent system to land. The balloon landed hard, which resulted in one passenger breaking her ankle. The pilot reported that there were no mechanical malfunctions or failures that would have precluded normal operation."
AE100 only,AE100,The presence of a 90-degree crosswind indicates a potential unsafe act related to the pilot's handling of the aircraft in adverse weather conditions.,Medium,59,"The pilot was returning to his home airport, and prior to landing, he received an automated weather briefing noting a 90-degree crosswind that was from 320 degrees at 12 knots, with gusts. The runway in use was runway 05, and a preceding aircraft reported a direct crosswind. The initial approach and landing were uneventful. When the airplane touched down and all three wheels were on the ground, an unexpected gust of wind lifted the left wing and started pushing the airplane towards the right. The airplane exited the runway into the grass. The wind then lifted the tail of the airplane and it nosed over onto the vertical stabilizer. The fuselage and empennage of the airplane were substantially damaged. The pilot reported that there were no mechanical malfunctions or failures with the airplane, that would have precluded normal operation."
AE200 only,PE200_Tools_Technology,"The evidence indicates that the Cleveland brakes provided more braking power than the originally installed brakes, which suggests a potential unsafe act related to the use of technology.",Medium,60,"The pilot reported that preceding the accident he had performed four uneventful touch and go landings for practice. During the fifth and final landing to a full stop, the airplane veered left of runway centerline. The pilot attempted to correct by applying rudder and brakes and reported that he “went too far” with braking application. The airplane nosed over, which resulted in substantial damage to the vertical stabilizer and rudder. _x000D_
A postaccident examination of the airplane revealed no mechanical anomalies with the flight controls or brakes. _x000D_
The Fairchild 24 is a vintage aircraft. The previous owner was given field approval for installation of a Cleveland wheel and brake kit #199-64, commonly used for higher weight Cessna 310 airplanes. The Cleveland brakes provided more braking power than the originally installed brakes, which likely contributed to the pilot’s excessive braking."
AE100 only,,"The absence of preconditions indicates that the unsafe acts are likely related to errors in decision-making or actions taken by the operator, which aligns with AE100.",High,61,"The pilot of the helicopter reported that he and his flight instructor were performing a full touchdown autorotation onto the taxiway. Shortly after the helicopter touched down, during its ground slide, it veered to the left and exited the taxiway. The helicopter then pivoted on its left skid toe, rolled over its right skid, and came to rest on its right side. The horizontal stabilizer was substantially damaged. The pilot reported that there were no preaccident mechanical malfunctions or failures that would have precluded normal operation."
AE100 only,AE100,The presence of wind conditions indicates a potential unsafe act related to the physical environment affecting the pilot's performance.,Medium,62,"The pilot of the tailwheel-equipped airplane reported that he was returning to his home airport after a local flight and the reported wind was from 300° at 9 knots with gusts to 13 knots. He performed a low approach to runway 3 with a direct crosswind. He remained in the traffic pattern for another approach to runway 3. After an uneventful touchdown and initial rollout, with the throttle at idle, the airplane began to veer to the left. He countered with right rudder and was able to maintain his track throughout most of the landing roll. Near the end of the rollout, while still on the paved surface, the airplane veered left more abruptly, and the right wingtip touched the runway. The airplane then departed the runway to the left and nosed over into the grass. The pilot egressed the airplane without injury. An examination of the wreckage by a Federal Aviation Administration inspector revealed substantial damage to the upper wing, rudder, and vertical stabilizer. The pilot reported that there were no preaccident mechanical malfunctions or failures with the airplane that would have precluded normal operation."
AE200 only,,"The evidence indicates a physical limitation due to the pilot's feet becoming entangled in the rudder pedals, which aligns with unsafe acts related to operational errors.",High,63,"The pilot reported that during the landing roll his feet become entangled in the rudder pedals and he inadvertently applied brake pressure. The airplane veered left and the pilot unsuccessfully attempted to regain directional control with opposite rudder and increased engine power.  Airport surveillance cameras recorded the airplane depart the runway surface, bounce, and impact a hangar, which resulted in substantial damage to both wings and the fuselage. The pilot did not return the National Transportation Safety Board 6120.1/2 form."
AE100 only,,"The absence of preconditions indicates that the unsafe acts are likely related to errors in decision-making or actions taken by the operator, which aligns with AE100.",High,64,"The pilot reported that during the landing, the airplane bounced twice, and he initiated a go-around. During the go-around, the airplane departed the runway to the left, and impacted a grass hill near the runway. The airplane came to rest upright and sustained substantial damage to the fuselage and both wings. The pilot informed local authorities there were no preimpact mechanical malfunctions or failures with the airframe or the engine that would have precluded normal operation."
AE100 only,,"The absence of preconditions indicates that the unsafe acts are likely related to errors in decision-making or actions taken by the operator, which aligns with AE100.",High,65,"After completing a successful landing, the pilot of the tailwheel-equipped airplane applied engine power to begin the takeoff. During the takeoff roll, the airplane began to veer right. The pilot applied left rudder to correct; however, the airplane veered left and exited the left side of the runway.  The airplane impacted the precision approach path indicators light system resulting in substantial damage to the left wing and left horizontal stabilizer.  The pilot reported that there were no preaccident mechanical malfunctions or failures with the airplane that would have precluded normal operation."
anyofthem,,"All preconditions for unsafe acts are absent, indicating that any unsafe acts could potentially occur.",Medium,66,"Shortly after landing, while taxing to the ramp to park, the solo student pilot was going to turn the airplane 180° to orient it with the parking spot. During the turn, the airplane’s left wing impacted a light pole resulting in substantial damage to wing spar. The pilot reported that there were no preimpact mechanical malfunctions or failures of the airplane that would have precluded normal operation."
AE100 only,AE100,The pilot and passenger's failure to see the unmarked powerlines despite the passenger's communication indicates an unsafe act related to visual scanning and situational awareness.,Medium,67,"After takeoff the airline transport pilot and pilot-rated passenger of the amphibious airplane performed landings at an airport and on a river, performed airwork, then proceeded west, where when near a river, both looked for wires and poles but neither saw any. The pilot landed uneventfully on the river and while on the step he initiated takeoff. Although the pilot was looking and did not see any wires or poles associated with wires that spanned the river, the pilot-rated passenger spotted unmarked powerlines spanning the river immediately before impact with them during the initial climb and called them out to the pilot. The airplane collided with the wire(s), and the airplane pitched down and impacted the river resulting in substantial damage to the right wing, right wing lift strut, and aft empennage. The pilot stated there were no preimpact failures or malfunctions of the airplane that would have precluded normal operation of the airplane."
AE100 only,AE100,The presence of variable wind conditions indicates a potential unsafe act related to the pilot's handling of the aircraft in those conditions.,Medium,68,"The pilot reported that upon arrival at the destination airport the reported wind conditions were variable wind at 10 knots gusting to 12 knots. The pilot reported that he performed a 3-point landing; on touch down, he was not able to maintain center line due to gusty southern crosswinds and the airplane ground looped. The airplane sustained substantial damage to the fuselage._x000D_
The pilot reported that there were no preaccident mechanical malfunctions or failures with the airplane that would have precluded normal operation."
AE100 only,PE100_Physical_Environment,"The evidence indicates that the pilot was attempting to take off in a right crosswind, which directly relates to the unsafe act of not adequately managing the aircraft's response to environmental conditions.",High,69,"The pilot was attempting to take off in a right crosswind and had the right aileron fully deflected during the takeoff roll. As the tail-wheel equipped airplane became airborne, a wind gust pushed the airplane to the left side of the runway toward a tree line. The pilot attempted to turn the airplane back into the wind, but the lower left wing contacted a tree limb. The airplane descended into trees resulting in substantial damage to the rudder and both lower wings. The pilot reported there were no mechanical failures or malfunctions of the airplane that would have precluded normal operation."
AE100 only,,"The presence of a right crosswind indicates a physical environmental factor that could lead to unsafe acts, specifically related to pilot handling of the aircraft under challenging conditions.",Medium,70,"The solo student pilot reported that during a landing attempt he experienced a right crosswind and used rudder and aileron control inputs to remain on the runway centerline. During the roundout the airplane bounced and began to veer left of the runway centerline. He applied brakes and attempted to return the airplane to the center of the runway, but the airplane departed the left runway edge and impacted a taxiway sign. The airplane sustained substantial damage to the left wing. _x000D_
The student pilot reported no preimpact mechanical malfunctions or anomalies that could have precluded normal operation."
AE100 only,PC300_Physical_Mental_Limitations,The evidence indicates a physical mental limitation affecting the student pilot's ability to maintain runway centerline during takeoff.,High,71,"The solo student pilot of the airplane reported that shortly after rotation, the airplane began to drift to the left of runway centerline. He tried/attempted to correct back to runway centerline, but the airplane continued to drift left. The airplane descended and landed hard. It bounced back into the air and impacted the windsock. The airplane came to rest upright inside the windsocks segmented circle._x000D_
_x000D_
The airplane sustained substantial damage to the right wing, aft fuselage, right horizontal stabilizer, and right elevator._x000D_
_x000D_
The student pilot reported that there were no preaccident mechanical malfunctions or failures with the airplane that would have precluded normal operation."
AE100 only,AE100,"The evidence indicates that a wind gust affected the aircraft, which aligns with an unsafe act related to the physical environment.",High,72,"The pilot reported that while taking off in a tailwheel-equipped airplane, he experienced a wind gust that lifted the left wing upwards and caused the right wing to contact the runway. Subsequently, he lost directional control of the airplane, resulting in a ground loop and impact with a berm. The airplane sustained substantial damage to the right wing. The pilot reported that there were no preaccident mechanical malfunctions or failures with the airplane that would have precluded normal operation."
anyofthem,,"All preconditions for unsafe acts are absent, indicating that any unsafe act could potentially occur due to lack of proper conditions.",Medium,73,"The pilot of the tailwheel equipped airplane reported that shortly after touchdown, during the landing roll, the airplane veered left, exited the runway, and ground looped. Subsequently, the right wing impacted the ground and sustained substantial damage. _x000D_
The pilot reported that there were no preaccident mechanical failures or malfunctions with the airplane that would have precluded normal operation."
AE200 only,,"The pilot's focus on the open cover indicates a mental distraction that led to a decrease in airspeed, which aligns with unsafe acts related to decision-making and situational awareness.",Medium,74,"The pilot performed a preflight inspection before he initiated the startup and taxi without any anomalies noted. During the initial climb after takeoff, about 100 ft above ground level over the runway, an engine compartment access cover opened. The pilot called the air traffic control tower and was cleared to land on a parallel runway. The pilot continued in the traffic pattern, but slowed the airplane in hopes that the access cover would not detach. The pilot became focused on the open cover and let the airspeed decrease, which resulted in a buffet, the left wing dropping, and the airplane “[falling] out of the sky.” The airplane subsequently impacted a taxiway and came to rest on the parallel runway, resulting in substantial damage to the fuselage and left wing. The pilot reported that there were no preimpact mechanical malfunctions or failures of the airplane that would have precluded normal operation. He also stated that he, “…focused way too much on the open engine cover and way too little on flying the airplane… The result was classic stall/spin scenario too close to the ground.”"
AE200 only,,"The presence of a slight tailwind during the approach indicates a potential unsafe act related to the aircraft's handling, which aligns with AE200 regarding improper operation of the aircraft.",Medium,75,"The pilot reported that he was making a simulated landing approach to determine clearance requirements for a runway he was planning to put on his property. He said that during the approach, there was a slight tailwind, and he flew about 6 to 7 ft. above the ground during the approach. There was a fence that crossed the approach path. The pilot surmised that as he approached the fence and added power the airplane settled and the tail skid caught the top wire of the electric fence, which altered the airplane’s trajectory. The airplane struck a building on the property and then the ground. The airplane sustained substantial damage to the left wing and fuselage. The pilot reported that the airplane had no preimpact mechanical malfunctions or failures that would have precluded normal operation."
AE100 only,,"The absence of preconditions indicates that the unsafe acts are likely related to errors in decision-making or actions taken by the operator, which aligns with AE100.",High,76,"The student pilot reported, that during the landing flare, the airplane floated down the runway. He attempted to settle the airplane softly onto the runway, but the airplane bounced twice and came to rest in the dirt on the side of the runway. A post-accident examination revealed that the nose landing gear folded forward, which resulted in substantial damage to the tunnel structure. The student pilot reported that there were no mechanical malfunctions or failures that would have precluded normal operations."
AE100 only,PE100_Physical_Environment,"The evidence indicates that the airplane encountered a sudden wind gust, which is a physical environmental factor that can lead to unsafe acts.",Medium,77,"The pilot stated that he made an uneventful flight to the destination airport and configured the tailwheel-equipped airplane for landing. During the approach he noted that there was no unusual gust or crosswind, and he touched down on the main wheels just after the runway’s identification numbers. On the landing roll, the pilot reduced the power to idle, and the tailwheel settled on the runway. The airplane encountered a sudden wind gust, raising the right wing. Despite the pilot’s attempts to maintain directional control, the airplane ground-looped to the right and departed the runway surface. The airplane continued into a ditch and the left gear collapsed, resulting in the left wing contacting the ground. The pilot reported that there were no pre impact mechanical failures or malfunctions with the airframe or engine."
AE100 only,AE100,"The evidence indicates that the pilot was operating in a challenging physical environment due to wind conditions, which could lead to unsafe acts.",Medium,78,"The pilot reported that, during the third stop-and-go landing, the airplane touched down and veered to the left. The pilot attempted to correct with opposite rudder; however, the pilot encountered an unexpected wind gust, and the airplane weather vaned to the right. The airplane ground looped to the right, partially collapsing the left main landing gear, and came to rest upright. The airplane sustained substantial damage to the forward fuselage structure. The pilot reported that there were no preaccident mechanical failures or malfunctions with the airplane that would have precluded normal operation. At the time of the accident, the pilot was landing on runway 17 with wind from 200° at 12 knots and gusting to 21 knots."
AE100 only,PE100_Physical_Environment,The presence of power lines near the landing zone indicates a physical environmental hazard that could lead to unsafe acts during landing.,High,79,"The balloon pilot reported that after a local sightseeing flight, she maneuvered and descended toward the landing zone that was an open field that had power lines nearby. After clearing the power lines, the pilot further descended and just prior to impact she “added a small amount of heat,” however, the basket bounced twice and tipped over onto its side. The pilot then completely deflated the balloon to prevent the basket from getting dragged on the ground. During the bounced landing and basket tip over, one of the passengers fell to the bottom of the basket, which resulted in a serious injury to her right leg. The pilot reported that there were no preimpact mechanical malfunctions or failures with the balloon that would have precluded normal operation."
AE100 only,,"The absence of preconditions indicates that the unsafe acts are likely related to errors in decision-making or actions taken by the operator, which aligns with AE100.",High,80,"The solo student pilot reported that during the second solo landing of the day she experienced a slight balloon, and once the airplane settled on the runway it was in a “partial crab to the right.” Upon touching down, she over corrected to the left and the airplane departed the runway surface into the grass.  While in the grass the airplane struck a runway sign, which resulted in substantial damage to the left wing and the left horizontal stabilizer.  The solo student pilot reported that there were no preaccident mechanical malfunctions or failures with the airplane that would have precluded normal operation."
AE100 only,"PE100_Physical_Environment, PC300_Physical_Mental_Limitations",The pilot's inexperience with the tailwheel-equipped airplane and the presence of quartering gusts contributed to unsafe acts during landing.,Medium,81,"The multi-segment cross-country flight was the pilot’s first time flying the tailwheel-equipped airplane. Arriving at the destination airport, the pilot noted quartering gusts when he cleared a tree line to land on the asphalt runway. Following touchdown, the airplane pulled to the right and he applied left brake to correct; however, the airplane nosed over. The airplane sustained substantial damage to the wings, empennage, and fuselage. Postaccident examination of the brakes revealed no evidence of any preaccident mechanical failures or malfunctions that would have precluded normal operation. The recorded wind at the nearest weather reporting facility, about 13 miles southwest of the accident airport, was a quartering right crosswind at 12 knots, gusting to 19 knots at the time of the accident."
AE200 only,,"The evidence indicates that the pilot's actions, specifically climbing at too low an airspeed and the decision to release the banner, directly contributed to the loss of control, which aligns with unsafe acts related to decision-making and performance.",High,82,"The pilot of the banner tow airplane performed a normal takeoff and stayed in the airport traffic pattern for the banner pickup. The pilot described that after successfully capturing the pickup rope, he climbed with the engine at full power, the flaps retracted, and at a speed of about 45 to 50 mph. The airplane drifted left before the banner left the ground, and the pilot attempted to correct the flight path to the right. The airplane and banner subsequently climbed above the nearby trees, after which the pilot released the banner. The airplane then abruptly pitched up, the right wing “dropped,” and the airplane entered a 180-degree spin to the right that continued to ground impact. The pilot was seriously injured and the airplane was substantially damaged during the impact with trees and terrain._x000D_
The operator reported, and a post accident examination by a Federal Aviation Administration inspector confirmed, that there were no preimpact mechanical malfunctions or failures of the airplane and its flight controls that would have precluded normal operation. The operator also reported that it was their company’s standard procedure to climb the airplane at a speed of 55 mph with the flaps extended 10 degrees in order to achieve best climb out. Additionally, when releasing a banner, the prescribed procedure included pushing forward on the control yoke to prevent an abrupt pitch up. Based on this information, it is likely that the pilot climbed at too low an airspeed during the banner pickup, resulting in a loss of control, his decision to release the banner, and the uncorrected pitch up of the airplane that ultimately resulted in the aerodynamic stall/spin."
AE100 only,PE100_Physical_Environment,The presence of two deer standing in the center of the runway constitutes a physical environmental hazard that directly contributes to unsafe acts.,High,83,"The flight instructor and student pilot completed several night landings without anomaly. Then, during the next takeoff, the student pilot applied engine power and the airplane accelerated down the runway. Just after reaching 50 knots, they noticed two deer standing in the center of the runway and called to abort the takeoff. They reduced the engine power and applied the brakes, but they were unable to stop before striking one of the deer with the left wing, which resulted in substantial damaged to the wing. The flight instructor reported no preimpact mechanical malfunctions or failures with the airplane that would have precluded normal operation."
AE100 only,,"The absence of preconditions indicates that the unsafe acts are likely related to errors in decision-making or actions taken by the operator, which aligns with AE100.",High,84,"The pilot reported that he performed a landing using 30° flap setting for practice and the airplane bounced. He decided to perform a go-around because he wanted to perform a better landing. He applied full engine power and the airplane pitched up and entered a left bank that the pilot was not able to correct. The airplane continued in the left bank until striking trees on the left side of the runway. The airplane received substantial damage to the fuselage, right wing and empennage. The pilot reported that there were no preaccident mechanical malfunctions or failures with the airplane that would have precluded normal operation."
AE200 only,AE200,"The evidence indicates that the pilot was attempting to manage fuel inadequately, which aligns with poor decision-making related to fuel management.",High,85,"The pilot reported that he had completed a charter flight and departed to pick up new passengers at an airport about 200 nautical miles away. While on approach to the destination airport, the previous passengers notified the pilot that they were ready to be picked up, so the pilot did not land and turned the airplane back toward the departure airport. The pilot climbed to 10,000 ft and noticed the airplane’s fuel burn was high, so he climbed to 16,000 ft. The pilot reported that “everything was routine until about a 3-mile final” to the runway, when the controller asked the pilot to slow to a final approach speed. An airplane was still on the runway, so the controller told the pilot to go around. The pilot told controllers twice that he had minimum fuel available. _x000D_
The pilot continued on a visual approach for the same runway when the right engine lost power followed by the left engine. He feathered both propellers and made a forced landing to a wooded area. The airplane sustained substantial damage to the fuselage, both wings, and the empennage. The pilot reported that there were no preimpact mechanical malfunctions or failures that would have precluded normal operation. The pilot later stated that he was “trying to do too much with too little” fuel and the accident was a result of poor fuel management. Although the controller directed the pilot to go around, the pilot should have recognized the criticality of the minimum fuel situation and landed the airplane."
AE200 only,"PC100_Mental_States, PP100_Communication_Coordination_Planning",The evidence indicates a mental state issue ('a little behind on the aircraft') and a communication issue with air traffic control ('instructed by air traffic control to descend through class B airspace'). This suggests an unsafe act related to decision-making and coordination.,Medium,86,"The private pilot and passenger proceeded on the cross-country nigh flight and on arrival near the destination airport the pilot stated that he was instructed by air traffic control to descend through class B airspace on a straight-in approach to the runway, which required him to descend at a rate of about 1,000 ft-per-minute. While flying the straight-in approach he indicated that he was, “a little behind on the aircraft as we descended.” With the lights and the runway in sight he descended too quickly on final approach and impacted airport approach lighting then the ground short of the runway, resulting in substantial damage to the right wing. The pilot stated that there were no preimpact mechanical malfunctions or failures of the airplane that would have precluded normal operation."
AE200 only,"PE200_Tools_Technology, PC300_Physical_Mental_Limitations",The pilot's inability to reach the rudder pedals due to the seat sliding aft indicates a failure related to tools/technology and physical limitations.,High,87,"The pilot reported that during the takeoff roll, his seat slid aft on the seat rails, and he could not reach the rudder pedals. He reduced engine power and stretched to reach the brakes, however, he no longer had forward visibility. The airplane drifted to the right, and then to the left of the runway. The pilot braked hard, and the airplane nosed over. He later realized that the seat position peg had not been fully seated in the seat rail detent, and that the rear seat rail cotter pin was not installed. Both wings, the vertical stabilizer, and the rudder were substantially damaged. The pilot reported that there were no preaccident mechanical malfunctions or failures that would have precluded normal operation."
AE100 only,PC100_Mental_States,The pilot's decision to take out the crosswind correction too soon indicates a mental state issue that directly contributed to the unsafe act during landing.,High,88,"The pilot reported that while landing, he took out the crosswind correction too soon, and the airplane veered to the left. The right wing dipped and struck the runway. The airplane became momentarily airborne again and when it settled back to the runway, the propeller struck the ground. The airplane exited the runway and came to rest in the grass. The right wing was substantially damaged. The pilot landed on runway 28R with wind 230°at 8 kts. The pilot reported that there were no mechanical failures or malfunctions that would have precluded normal operation."
AE100 only,PC100_Mental_States,"The pilot's failure to extend the landing gear indicates a lapse in mental state, which is classified under AE100.",High,89,The pilot reported that during a simulated instrument approach he forgot to extend the airplane’s landing gear. The airplane subsequently touched down on the runway and the fuselage and wings were substantially damaged. The pilot reported that there were no preimpact mechanical malfunctions or failures of the airplane that would have precluded normal operation.
AE100 only,AE100,The evidence indicates a physical environmental factor (collision with geese) that directly contributed to the unsafe act during the flight.,High,90,"The flight instructor and his student were conducting an instructional flight in the airport traffic pattern when the airplane collided with multiple geese during initial climb. Due to the collision, the engine experienced a loss of engine power, so the flight instructor continued straight ahead. He conducted a forced landing on a golf course and the airplane nosed over. The airplane sustained substantial damage to the fuselage, empennage, and both wings."
AE100 only,,"The absence of preconditions indicates that the unsafe acts are likely related to errors in decision-making or actions taken by the operator, which aligns with AE100.",High,91,"The pilot reported that while en route to his planned fuel stop destination, the engine experienced a slight hesitation. The pilot then changed course to the nearest airport and turned on the auxiliary fuel pump. The engine roughness stopped for about 15 seconds, then occurred again, and the engine subsequently lost total power. Unable to maintain altitude and reach the nearest airport, the pilot conducted a forced landing to a roadway. During the forced landing, the airplane’s left wing tip struck a roadway sign, and the right float impacted a moving vehicle that was on the roadway. The airplane sustained substantial damage to the left wing rear spar._x000D_
Postaccident examination of the airplane revealed the left fuel tank contained no usable fuel, and the right tank contained about 14 gallons of fuel. The fuel selector was found in the left fuel tank position. The pilot reported that there were no preaccident mechanical malfunctions or failures with the airplane that would have precluded normal operation."
AE100 only,PC100_Mental_States,"The pilot's report of forgetting to extend the landing gear indicates a lapse in mental state, which aligns with AE100.",High,92,The pilot reported that during the landing approach he forgot to extend the airplane’s landing gear. The airplane subsequently touched down on the runway and the fuselage was substantially damaged. The pilot reported that there were no preimpact mechanical malfunctions or failures of the airplane that would have precluded normal operation.
AE100 only,AE100,"The evidence indicates that the physical environment was suitable for the operation, suggesting that the unsafe act may relate to the pilot's actions in response to the environmental conditions.",Medium,93,"The pilot was familiarizing himself with the airplane in preparation for a multi-day cross-country flight. He also said that there was a potential that he would provide flight instruction to a student during the upcoming flights, so he wanted to perform three takeoffs and landings in the airplane to meet the recent flight experience requirements of Title 14 Code of Federal Regulations Part 61.57. He said that as he approached the airport, the reported weather indicated the wind was aligned with the runway. During the approach, he noted that the windsock showed a left crosswind, and he adjusted the approach using crosswind control correction for the left crosswind. During the rollout, the wind shifted, and the right wing rose. The pilot attempted to correct but when the wing came back down the airplane veered off the left side of the runway and the right main landing gear collapsed. He said that after the event the windsock showed a right crosswind and he believed that there was some windshear that resulted in the right wing raising during the event. The airplane received substantial damage to the right wing. The pilot reported that there were no mechanical issues with the airplane. The recorded weather at the airport where the accident occurred was from 020° at 3 knots, about the time of the accident."
AE100 only,PE100_Physical_Environment,"The pilot encountered a flock of geese shortly after takeoff, indicating an unsafe act related to the physical environment.",High,94,"The pilot reported that shortly after takeoff, he encountered a flock of geese. One of the geese struck the right wing tip, which resulted in substantial damage to the right wing. The pilot declared an emergency with approach control and landed the airplane without further incident. The pilot reported that there were no mechanical failures or malfunctions with the airplane that would have precluded normal operation."
AE100 only,AE100,"The evidence indicates that the airplane touched down in low brush, which suggests a failure in the execution of the landing maneuver, aligning with unsafe acts related to the action of the pilot.",High,95,"The pilot stated that, before departing in his tailwheel-equipped airplane, a U.S. Army CH-47 heavy-lift helicopter departed and proceeded upwind. When the helicopter was established on the downwind leg of the traffic pattern, the pilot initiated his takeoff. At 40 ft above ground level in the initial climb, the airplane “hit the helicopter’s rotor wash” which rolled the airplane “about 135 degrees to its right.” The pilot was able to level the wings before the airplane touched down in low brush to the right of the runway and came to rest near the airport boundary fence. The airplane sustained substantial damage to the main landing gear support structure and the pilot deplaned uninjured. The pilot reported there were no mechanical malfunctions or anomalies with the airplane that would have precluded normal operation."
AE200 only,PE200_Tools_Technology,The autopilot's inability to maintain a level attitude or stabilize the UAS indicates a failure related to tools or technology.,High,96,"The operator of the uncrewed aircraft system (UAS) reported that, he and an external emergency safety pilot were conducting an engineering test flight to fine tune the autopilot’s tail rotor yaw limits. While hovering at 50 ft agl, the operator incorrectly input a full left tail rotor command, causing the UAS to begin a rapid counterclockwise rotation. The auto pilot was unable to maintain a level attitude or stabilize the UAS during the rotation, and descended uncontrollably. The safety pilot attempted to stabilize the UAS manually, using the emergency RC controller, to no avail. The UAS impacted the surface, resulting in substantial damage to the tailboom. The operator of the UAS reported that there were no preaccident mechanical malfunctions or failures that would have precluded normal operation."
AE200 only,,"The evidence indicates a limitation in understanding or executing the takeoff procedure, which aligns with AE200 related to decision-making errors.",Medium,97,"According to two witnesses, the pilot of the gyroplane started his takeoff roll with the rotor in a horizontal position. Both witnesses stated that the gyroplane’s take off roll was longer than usual. When the pilot pitched the rotor up, the gyroplane pitched up, climbed about 30 to 40 ft above the ground, rolled to the left, and subsequently impacted the runway. The left main landing gear separated from the gyroplane after impacting the runway, and the gyroplane departed the runway to the left. The gyroplane came to rest about 1,400 ft from its departure point. The pilot was seriously injured. During the runway excursion, the gyroplane’s rotor impacted the ground resulting in substantial damage to the rotor, horizontal stabilizer, vertical stabilizer, and rudder. _x000D_
The pilot stated via telephone that there were no mechanical malfunctions or failures that would have precluded normal operation. The pilot did not provide an NTSB Form 6120.1 Pilot/Operator Aircraft Accident/Incident Report._x000D_
According to FAA-H-8083-21 Rotorcraft Flying Handbook, “The normal takeoff for most amateur-built gyroplanes is accomplished by prerotating to sufficient rotor r.p.m. to prevent blade flapping and tilting the rotor back with cyclic control. Using a speed of 20 to 30 m.p.h., allow the rotor to accelerate and begin producing lift. As lift increases, move the cyclic forward to decrease the pitch angle on the rotor disc.” It is likely the pilot did not position the rotor at the appropriate pitch angle to allow the main rotor to reach sufficient takeoff rpm before attempting to takeoff."
AE100 only,,"The pilot's mental state of being high and fast on final approach indicates a violation of safe operational practices, which aligns with unsafe acts related to decision-making and performance.",High,98,"The pilot reported being high and fast on final approach. When he reduced power to land the airplane descended rapidly and landed hard. The left landing gear collapsed and the airplane exited the runway, resulting in substantial damage to the left wing. The pilot reported that there were no preimpact mechanical malfunctions or failures with the airplane that would have precluded normal operation."
AE100 only,AE100,"The evidence indicates that the pilot encountered a slope while taxiing, which suggests a violation of safe taxiing procedures, classifying it as an unsafe act related to the physical environment.",Medium,99,"The pilot of the tailwheel-equipped airplane reported that, while taxiing for takeoff on a gravel bar, he encountered a slope. To prevent potential loss of control, he applied brake pressure to both wheels, causing the airplane to nose over, resulting in substantial damage to the rudder. The pilot reported that there were no preaccident mechanical malfunctions or failures with the airplane that would have precluded normal operation."
