Q2_AE100_Performance_Skill_Error__Final_Answer,Q2_AE100_Performance_Skill_Error__Short_Explanation,Q3_AE200_Judgment_Decision_Error__Final_Answer,Q3_AE200_Judgment_Decision_Error__Short_Explanation,Q4_AD000_Unknown_Deviation__Final_Answer,Q4_AD000_Unknown_Deviation__Short_Explanation,Final_HFACS_Code,Codes_Selected,Final_Justification,Confidence,original_index,narr_accf
Yes,"The pilot lost control during landing rollout, indicating an execution failure.",Yes,"The pilot's plan to apply rudder and brake pressure was incorrect, as he believed less pressure might have prevented the accident.",No,Both error types are clearly identifiable.,Multiple,"AE100, AE200",The pilot lost control during landing (AE100) and had a flawed plan regarding rudder and brake application (AE200).,High,0,"The pilot and passenger were returning from a local flight.  During landing rollout, the tail rose off the runway, and the airplane nosed over.  It came to rest upside down on the runway centerline with no injuries to the occupants.  The airframe sustained damage to the fuselage, both wings, the vertical stabilizer, and the rudder.  The pilot stated there were no issues with the airplane and thought that applying less rudder and brake pressure might have prevented the accident."
Yes,The pilot lost control during the go-around after multiple bounces — execution failure.,No,The decision to go around was reasonable; no separate wrong plan identified.,No,The cause is clearly identified as a skill error during execution.,AE100,AE100,"Pilot lost control during the go-around after bouncing, indicating an execution failure.",High,1,"The pilot reported that during landing the airplane bounced multiple times. During each successive bounce, the airplane gained more altitude to the point that the pilot was scared. He added full power to go around, the airplane turned left, and he was unable to maintain control. The airplane impacted a ditch off the side of the runway and sustained substantial damage to the fuselage. The pilot reported that there were no preimpact mechanical malfunctions or failures with the airplane that would have precluded normal operation."
Yes,"The pilot overcorrected during rollout, leading to loss of control — an execution failure.",Yes,The pilot's decision to reduce engine power and land faster due to the helicopter's position was a poor judgment call.,No,Both error types are clearly identifiable.,Multiple,"AE100, AE200",Pilot's poor decision to land faster (AE200) combined with execution failure during rollout (AE100).,High,2,"The pilot reported, that while conducting a full stop landing, he was concerned with a military helicopter about ¾ of the way down the right side of the runway.  Due to the helicopter’s position, he reduced the engine power to idle and touched down about 10 mph faster than usual.  During the rollout, the pilot overcorrected to the left, the airplane tilted to the right, and the right wing contacted the ground.  The right main landing gear collapsed, and the right wing sustained substantial damage.  The pilot reported that there was a possibility of rotor wash from the military helicopter. There was no evidence of any preimpact mechanical malfunctions or failures with the airplane that would have precluded normal operations."
Yes,The pilots intended to extend the landing gear but forgot to do so before landing.,No,There is no evidence of a wrong decision; the pilots were engaged in a discussion about the correct procedure.,No,The error type is clearly identified as a performance error due to forgetting to extend the landing gear.,AE100,AE100,"The pilots forgot to extend the landing gear before landing, which is a performance error.",High,3,"On the downwind leg of the traffic pattern the pilot receiving instruction and the flight instructor were having a conversation about when to extend the landing gear, as the pilot receiving instruction was new to this airplane. During this discussion the pilots were contacted by air traffic control (ATC) and a conversation took place about a possible change of runway. After the exchange with ATC the pilots did not return to their conversation about when to extend the landing gear. After being cleared to land, the pilot receiving instruction performed a normal approach to landing. The pilots reported that they realized they had forgotten to extend the landing gear when they heard the airplane contact the runway. The airplane skidded down the asphalt, resulting in substantial damage to the external longerons of the fuselage. The flight instructor reported that there were no preaccident mechanical malfunctions or failures with the airplane that would have precluded normal operation.
The airplane was equipped with a landing gear position warning horn that was designed to sound when either of the throttles were pulled back for landing. Neither pilot specifically remembered hearing the warning horn during the accident landing. After the airplane was recovered, the landing gear warning horn was tested and was found to operate normally."
Yes,"The pilot attempted to correct the left turn and descent but was unable to do so, indicating an execution failure.",Yes,"The pilot decided to continue using engine power despite the airplane turning and descending, which was an inappropriate decision given the circumstances.",No,Both error types are clearly identifiable as a performance error and a judgment error.,Multiple,"AE100, AE200",The pilot's inability to correct the turn and descent (AE100) combined with the decision to continue using engine power (AE200) constitutes two distinct errors.,High,4,"The pilot reported that he completed a full preflight inspection of the airplane with no issues noted, including inspecting all the flight control surfaces. During the run-up, the pilot checked all the flight controls and he noted they “all checked perfect.” The pilot was operating at a remote airport that was surrounded by pine trees, about 90 ft tall, on all sides. The takeoff roll from the snow-covered runway was “normal” and about 150 ft agl, the airplane “started turning/pulling left” in a descending turn. The pilot attempted to correct the turn and descent to no avail. The pilot decided to continue to use engine power until the airplane impacted trees. The airplane impacted several trees and came to rest nose down. The pilot was able to egress from the airplane without further incident. _x000D_
The airplane sustained substantial damage to the fuselage, both wings, and the engine mount. The pilot reported there were no preimpact mechanical malfunctions or failures with the airframe or the engine that would have precluded normal operation. A postaccident examination of the airframe established flight control continuity."
No,No execution failure described; the pilot's actions were based on a misidentification.,Yes,"The pilot misidentified the airport, leading to an inappropriate landing decision.",No,The error type is clearly identified as a decision error.,AE200,AE200,Pilot's misidentification of the airport led to an incorrect landing decision.,High,5,"The pilot reported that his intended destination airport was Cedar Ridge Airport (GA62), Griffin, GA, but due to misidentification of the airport while airborne, he landed at Brook Bridge Aerodrome (8GA9), Vaughn, GA. He reported that he did not realize he was approaching the wrong airport until he was “too low and too slow.” The airplane touched down on a shared taxiway/driveway before impacting a utility pole with the left wing. Subsequently, the airplane spun and impacted trees resulting in substantial damage to the left wing, nose structure, and right wing. The pilot reported that there were no pre-accident mechanical malfunctions or failures with the airplane that would have precluded normal operation."
Yes,"The private pilot failed to properly extend the landing gear despite confirming it was down and locked, leading to a landing without gear.",No,There is no evidence of a wrong decision; the actions taken were based on the belief that the gear was down and locked.,No,The cause of the accident is clearly identified as a performance error in extending the landing gear.,AE100,AE100,"The private pilot's failure to extend the landing gear correctly is a performance error, as they believed the gear was down and locked.",High,6,"The flight instructor reported that he and the private pilot receiving instruction had just completed their seventh landing of the morning. The private pilot reduced the throttle on downwind and the landing gear warning horn sounded so he increased the throttle and continued in the traffic pattern. The flight instructor prompted him to extend the flaps and the student stated that he would extend the landing gear. They “confirmed 3 green,” which would indicate that the landing gear was down and locked. During the landing flare, “no gear warning horn was alarming,” but as they got closer to the ground the instructor observed sparks out of the left window. The airplane slid on the runway, came to rest upright, and sustained substantial damage to the lower fuselage longerons. _x000D_
The Federal Aviation Administration (FAA) inspector completed an extensive examination and functional testing of the landing gear system. With the airplane on jacks, he cycled the landing gear at least six times and determined the landing gear, warning annunciations and aural alerts operated per the procedures in the airplane’s maintenance manual and there were no anomalies found."
Yes,The pilot attempted to correct the airplane's veering to the right but lost control during the landing attempt.,No,The narrative does not indicate a wrong decision; the pilot was attempting to land in challenging wind conditions.,No,The cause of the accident is clearly identified as a performance error during landing.,AE100,AE100,"The pilot's loss of control during the landing attempt is a performance error, with no evidence of a decision error.",High,7,"During the landing attempt with a direct left crosswind in the tailwheel-equipped airplane, the pilot reported he heard a pop, and the airplane veered to the right. The pilot attempted to make a correction to the left to maintain airplane control. The pilot felt the empennage lift and the propeller struck the runway. The right main landing gear collapsed, the right wing struck the runway, and the airplane pivoted around the left main landing gear coming to rest on the runway. The airplane sustained substantial damage to the right wing and wing struts. According to a mechanic, postaccident examination revealed fractures to the landing gear structure that were consistent with an abnormal sideload and subsequent ground loop. No other mechanical failures or malfunctions were reported with the airplane that would have precluded normal operation. _x000D_
At the time of the accident, the pilot was landing the airplane on runway 34 with wind from 250° at 12 knots and gusting to 16 knots."
Yes,Forgot to reset the circuit breakers before flight — memory lapse.,Yes,Silencing the warning was a poor decision that led to the gear remaining extended.,No,Both error types are clearly identifiable.,Multiple,"AE100, AE200",Memory lapse in resetting circuit breakers (AE100) plus poor decision to silence the warning (AE200).,High,8,"On a previous flight, the pilot of the amphibious light sport airplane had pulled the landing gear circuit breakers to mitigate the risk of accidentally raising the landing gear while on the ground. Prior to the accident flight, which departed from a hard-surface runway, he serviced the airplane with fuel and performed a preflight check. He intended to perform water landings on an adjacent lake, and after takeoff he selected the gear-up switch but had forgotten to reset the circuit breakers. _x000D_
Shortly after takeoff he felt a light airframe vibration and decided to expedite the landing. While circling the landing spot, and slowing the airplane for the approach, the gear misconfigured warning sounded. However, the pilot silenced the warning because his attention was diverted by the landing due to the vibration, so the gear remained extended as the airplane touched the water. The airplane then nosed over and sustained substantial damage._x000D_
The “before engine start” checklist in the pilot’s operating handbook states that the circuit breakers should be in. There is no reference in the handbook to pulling the circuit breakers to prevent accidental activation."
Yes,"Pilot felt a pull to the left during landing, indicating a loss of control during execution.",No,No evidence of a wrong decision; the pilot completed the checklist and attempted to land considering the conditions.,No,Deviation type is clearly identified as a skill error during landing.,AE100,AE100,"Pilot lost control during landing execution, with no indication of a poor decision made prior to the event.",High,9,"The pilot reported that he completed the before landing checklist while on the downwind leg of the airport traffic pattern.  The approach and landing were completed at a reduced flap setting due to the gusty wind.  After the airplane touched down, the pilot “felt a pull to the left,” and he thought that there might have been an issue with the nose wheel steering.  The airplane ultimately departed the left side of the runway, and the left main landing gear collapsed.  The left wing was damaged during the accident sequence._x000D_
A postaccident examination conducted by a Federal Aviation Administration inspector did not reveal any anomalies with respect to the nose wheel assembly or the steering linkage.  Rudder control continuity was confirmed._x000D_
Surface weather observations indicated that a 50° - 70° right crosswind with gusts to 30 knots prevailed about the time of the accident."
Yes,Pilot was unable to stop the airplane during landing roll — execution failure.,No,The decision to land in the surveyed area was appropriate; the issue arose during execution.,No,Error type is clearly identified as a skill error.,AE100,AE100,Pilot's inability to stop the airplane during landing roll is a clear execution failure.,High,10,"The pilot reported that they overflew the frozen lake and passed on the original landing area due to ice cracks and heaves. He flew to another area of the lake and located a suitable landing spot. He completed a low pass to survey the landing area and confirm its suitability. During the landing roll, he was unable to stop the airplane in the surveyed area; the airplane continued into a crack in the ice and became partially submerged. The airplane sustained substantial damage to the firewall and lower fuselage. The pilot reported that there were no preimpact mechanical malfunctions or failures that would have precluded normal operation."
No,No execution failure described; the pilot's actions were based on the fuel gauge readings.,Yes,"The pilot chose to continue the flight despite low fuel indications, which was a poor judgment call.",No,The cause is clearly identified as a decision error regarding fuel management.,AE200,AE200,Pilot's decision to continue flying with low fuel indications led to the forced landing and subsequent damage.,High,11,"The pilot reported that while returning from a 5-hour aerial survey flight, she noticed about a quarter tank of fuel indicated on each fuel gauge and continued the flight toward the destination airport. While on the approach, the pilot noticed that both engines sputtered and both fuel gauges indicated empty. The pilot conducted a forced landing to a highway median, and the airplane impacted guardrails. Both wings, the empennage, and fuselage sustained substantial damage. Postaccident examination of the airplane revealed that the fuel tanks contained no usable fuel."
Yes,"The pilot experienced a downdraft during landing, leading to a hard landing — an execution failure.",No,There is no evidence of a wrong decision or plan; the approach was stable prior to the downdraft.,No,The cause of the accident is clearly identified as an execution error due to environmental conditions.,AE100,AE100,The pilot's hard landing was due to an execution failure caused by an unexpected downdraft during the approach.,High,12,"At the time of the accident, the student pilot was on a solo cross-country flight to obtain a private, single engine airplane add-on to his certificate._x000D_
He reported that during a landing attempt he noted that the approach was stable at a constant airspeed and power setting. The pilot said that at an unknown point in the approach, he experienced a downdraft as he felt “a little push down” and observed a rapid change in his rate of descent. The pilot could not recall at what altitude he encountered the downdraft. The airplane landed hard and sustained substantial damage to the fuselage. _x000D_
The weather station at the airport reported that the wind was calm at the time of the accident. _x000D_
The pilot reported no preimpact mechanical malfunctions or anomalies that could have precluded normal operation."
Yes,Used too much brake and lost directional control during landing — execution failure.,Yes,Choosing to land on a road is an inherently inappropriate situational decision.,No,Both error types are clearly identifiable.,Multiple,"AE100, AE200",Wrong landing location choice (AE200) plus execution failure with braking (AE100).,High,13,"The pilot reported that he was moving the airplane from a nearby airport to his residence and was landing on a road. He said that during the landing he used too much brake, lost directional control, and the airplane went off the left side of the road. The right wing struck a pole and the airplane sustained substantial damage to the right wing. The pilot stated that the airplane did not have a current annual inspection and when asked specifically if there were any mechanical problems with the airplane, he said there were none."
No,No execution failure by the student; the birdstrike was an external factor.,No,No wrong decision made; the birdstrike was an unavoidable external event.,No,"Cause is external, not an unknown deviation.",None,,Accident caused by an unavoidable birdstrike with no pilot error.,High,14,"The flight instructor and the pilot-rated student were in the flying in the airport traffic pattern practicing landings. During the initial climb following a touch-and-go landing, with the student at the controls, a large bird flew directly in front of the airplane. The student attempted to avoid it; however, the bird struck the leading edge of the left wing. The flight instructor took over the controls and landed the airplane uneventfully. An inspector with the Federal Aviation Administration examined the airplane and found that the wing had been substantially damaged as a result of the birdstrike."
Yes,The hard landing and loss of control during landing is an execution failure.,Yes,The decision not to refuel despite anticipating the need was a poor judgment.,No,Both error types are clearly identifiable.,Multiple,"AE100, AE200",Poor decision not to refuel (AE200) plus execution failure during landing (AE100).,High,15,"The right seat pilot reported that after performing a preflight inspection, he anticipated the airplane would need to be refueled and subsequently left the fuel caps unlocked. After a discussion with the left seat pilot (who was acting as the pilot-in-command), they decided they would not need to refuel before the flight. Both pilots performed another walk around inspection and neither pilot noticed that the fuel caps remained unlocked.  _x000D_
Shortly after takeoff, the right seat pilot noticed that both fuel caps were not secure, and that fuel was escaping from both main fuel tanks. He elected to make return to the departure airport and land on the opposite direction runway. The pilots were both manipulating the controls when they landed the airplane “hard” on the main landing gear. The airplane then bounced and veered to the right of the runway, impacting a terminal sign and taxi light. The hard landing and subsequent runway excursion resulted in substantial damage to the wings and fuselage. The pilots reported that there were no preaccident mechanical malfunctions or failures with the airplane that would have precluded normal operation."
Yes,Pilot lost control after attempting to pull back on the yoke during takeoff — execution failure.,No,No evidence of a wrong decision; the pilot attempted a normal takeoff.,No,Deviation type is clearly a skill error.,AE100,AE100,"Pilot lost control during takeoff after impacting bushes, with no decision error indicated.",High,16,"The pilot reported that during takeoff from the private airstrip, the right wing of the airplane impacted bushes alongside of the narrow turf runway. As a result of the impact, the airplane to yawed to the right. The pilot attempted to pull back on the yoke, but lost control and the airplane impacted the ground and nosed over.  The pilot reported that there were no pre-accident mechanic malfunctions or failures with the airplane that would have precluded normal operation."
Yes,Pilot applied right rudder during landing but lost control due to a strong gust — execution failure.,Yes,Flying 3-5 mph faster than normal to account for gusting wind indicates a decision that may have contributed to the loss of control.,No,Both error types are clearly identifiable.,Multiple,"AE100, AE200",Pilot's decision to fly faster (AE200) combined with execution failure in applying rudder during gust (AE100) led to the accident.,High,17,"The pilot reported that during the approach the airplane was flying “3-5 mph faster than normal” to account for the gusting wind condition. Just prior to the nosewheel touching down, the pilot felt a “strong gust that pulled the nose of the aircraft into the wind.” As the nosewheel touched down, the pilot applied right rudder, and the airplane departed the runway. The airplane impacted a runway sign, the nose gear collapsed, and the airplane came to rest upright with a nose down attitude. The two occupants were able to egress from the airplane without further incident._x000D_
The airplane sustained substantial damage to the engine mount. The pilot reported that there were no preimpact mechanical malfunctions or failures with the airframe or the engine that would have precluded normal operation."
No,No execution failure by the pilot; the bird strike was an external event.,No,No decision error; the bird strike was unavoidable and not a result of poor judgment.,No,"Cause is external, not an unknown deviation.",None,,Accident caused by an unavoidable bird strike with no pilot error.,High,18,"The pilot reported that during initial climb, around 700 ft above ground level, a bird impacted the leading edge of the left wing, resulting in substantial damage to the wing. After impacting the bird, the pilot informed air traffic control that he would need to return to the airport, performed a normal traffic pattern, and landed without further incident."
Yes,"The left wing impacted the water, indicating a loss of control during flight.",Yes,"Flying low over the river is an inappropriate situational choice, leading to the impact.",No,Both error types are clearly identifiable.,Multiple,"AE100, AE200",Pilot's decision to fly low over the river (AE200) combined with the execution failure of losing control (AE100) led to the accident.,High,19,"The pilot reported that he and a passenger had departed for a local sight-seeing flight and while flying low over a river the left wing impacted the water. The impact “pulled the plane into the river,” which resulted in substantial damage to the forward fuselage, wings, and tail structure. The pilot reported that there were no pre-accident mechanic malfunctions or failures with the airplane that would have precluded normal operation."
