index,Error_flag,Violation_flag,Err_anom_count,Viol_anom_count,Err_weight_sum,Viol_weight_sum,y3
0,0,0,0,0,0.0,0.0,0
1,1,0,1,0,0.06896551724137931,0.0,1
2,0,0,0,0,0.0,0.0,0
3,0,0,0,0,0.0,0.0,0
4,0,1,0,1,0.0,0.05,2
5,0,0,0,0,0.0,0.0,0
6,0,0,0,0,0.0,0.0,0
7,1,1,1,1,0.06896551724137931,0.05,1
8,0,0,0,0,0.0,0.0,0
9,0,1,0,1,0.0,0.05,2
10,0,1,0,1,0.0,0.05,2
11,1,0,2,0,0.13793103448275862,0.0,1
12,0,1,0,1,0.0,0.05,2
13,0,0,0,0,0.0,0.0,0
14,0,1,0,2,0.0,0.15000000000000002,2
15,0,1,0,1,0.0,0.05,2
16,1,0,1,0,0.06896551724137931,0.0,1
17,1,0,2,0,0.13793103448275862,0.0,1
18,0,0,0,0,0.0,0.0,0
19,0,0,0,0,0.0,0.0,0
20,1,0,2,0,0.13793103448275862,0.0,1
21,0,1,0,1,0.0,0.05,2
22,1,0,1,0,0.06896551724137931,0.0,1
23,1,0,1,0,0.06896551724137931,0.0,1
24,0,1,0,1,0.0,0.05,2
25,1,1,1,1,0.06896551724137931,0.05,1
26,0,0,0,0,0.0,0.0,0
27,0,0,0,0,0.0,0.0,0
28,1,0,1,0,0.06896551724137931,0.0,1
29,1,0,1,0,0.06896551724137931,0.0,1
30,1,0,1,0,0.06896551724137931,0.0,1
31,1,0,1,0,0.06896551724137931,0.0,1
32,0,0,0,0,0.0,0.0,0
33,0,0,0,0,0.0,0.0,0
34,1,1,1,1,0.06896551724137931,0.05,1
35,1,0,1,0,0.06896551724137931,0.0,1
36,0,0,0,0,0.0,0.0,0
37,0,0,0,0,0.0,0.0,0
38,1,1,1,1,0.06896551724137931,0.05,1
39,1,0,1,0,0.06896551724137931,0.0,1
40,0,0,0,0,0.0,0.0,0
41,0,1,0,1,0.0,0.05,2
42,0,1,0,1,0.0,0.05,2
43,0,0,0,0,0.0,0.0,0
44,0,1,0,1,0.0,0.05,2
45,0,0,0,0,0.0,0.0,0
46,0,1,0,1,0.0,0.05,2
47,1,0,1,0,0.06896551724137931,0.0,1
48,0,0,0,0,0.0,0.0,0
49,1,1,1,1,0.06896551724137931,0.05,1
50,1,0,1,0,0.06896551724137931,0.0,1
51,1,1,1,1,0.06896551724137931,0.05,1
52,0,0,0,0,0.0,0.0,0
53,0,0,0,0,0.0,0.0,0
54,1,1,1,1,0.06896551724137931,0.05,1
55,0,0,0,0,0.0,0.0,0
56,1,0,1,0,0.034482758620689655,0.0,1
57,0,1,0,1,0.0,0.05,2
58,1,1,1,1,0.06896551724137931,0.05,1
59,0,1,0,1,0.0,0.05,2
60,1,1,2,1,0.13793103448275862,0.05,1
61,0,0,0,0,0.0,0.0,0
62,1,0,1,0,0.06896551724137931,0.0,1
63,0,1,0,1,0.0,0.05,2
64,0,1,0,1,0.0,0.05,2
65,0,1,0,2,0.0,0.15000000000000002,2
66,1,0,1,0,0.06896551724137931,0.0,1
67,1,0,1,0,0.06896551724137931,0.0,1
68,0,1,0,1,0.0,0.05,2
69,0,1,0,3,0.0,0.2,2
70,1,0,1,0,0.06896551724137931,0.0,1
71,0,0,0,0,0.0,0.0,0
72,0,1,0,1,0.0,0.05,2
73,0,1,0,2,0.0,0.15000000000000002,2
74,0,0,0,0,0.0,0.0,0
75,0,1,0,1,0.0,0.05,2
76,1,1,1,2,0.06896551724137931,0.15000000000000002,2
77,0,0,0,0,0.0,0.0,0
78,0,1,0,1,0.0,0.05,2
79,0,0,0,0,0.0,0.0,0
80,0,0,0,0,0.0,0.0,0
81,0,0,0,0,0.0,0.0,0
82,1,0,2,0,0.13793103448275862,0.0,1
83,1,0,1,0,0.06896551724137931,0.0,1
84,1,0,2,0,0.13793103448275862,0.0,1
85,0,1,0,1,0.0,0.05,2
86,0,1,0,1,0.0,0.05,2
87,0,1,0,1,0.0,0.05,2
88,0,1,0,1,0.0,0.05,2
89,0,1,0,1,0.0,0.05,2
90,0,0,0,0,0.0,0.0,0
91,0,1,0,1,0.0,0.05,2
92,1,0,1,0,0.06896551724137931,0.0,1
93,0,0,0,0,0.0,0.0,0
94,0,0,0,0,0.0,0.0,0
95,0,0,0,0,0.0,0.0,0
96,0,0,0,0,0.0,0.0,0
97,0,1,0,1,0.0,0.05,2
98,1,1,1,1,0.06896551724137931,0.05,1
99,1,0,1,0,0.06896551724137931,0.0,1
100,0,0,0,0,0.0,0.0,0
101,1,0,2,0,0.13793103448275862,0.0,1
102,0,0,0,0,0.0,0.0,0
103,0,1,0,1,0.0,0.05,2
104,0,1,0,1,0.0,0.05,2
105,1,0,1,0,0.06896551724137931,0.0,1
106,0,0,0,0,0.0,0.0,0
107,0,1,0,2,0.0,0.15000000000000002,2
108,1,0,1,0,0.06896551724137931,0.0,1
109,0,1,0,1,0.0,0.05,2
110,0,1,0,2,0.0,0.15000000000000002,2
111,1,1,1,1,0.06896551724137931,0.05,1
112,1,1,1,1,0.06896551724137931,0.05,1
113,1,0,1,0,0.06896551724137931,0.0,1
114,1,1,1,2,0.034482758620689655,0.15000000000000002,2
115,1,1,1,1,0.06896551724137931,0.05,1
116,0,0,0,0,0.0,0.0,0
117,1,0,1,0,0.06896551724137931,0.0,1
118,0,1,0,1,0.0,0.05,2
119,0,0,0,0,0.0,0.0,0
120,0,0,0,0,0.0,0.0,0
121,0,1,0,1,0.0,0.05,2
122,1,1,1,1,0.06896551724137931,0.05,1
123,1,0,1,0,0.06896551724137931,0.0,1
124,0,0,0,0,0.0,0.0,0
125,0,1,0,1,0.0,0.05,2
126,1,1,1,1,0.06896551724137931,0.05,1
127,0,1,0,1,0.0,0.05,2
128,0,1,0,1,0.0,0.05,2
129,0,0,0,0,0.0,0.0,0
130,0,1,0,1,0.0,0.05,2
131,0,1,0,1,0.0,0.05,2
132,0,1,0,1,0.0,0.05,2
133,1,0,1,0,0.06896551724137931,0.0,1
134,0,1,0,1,0.0,0.05,2
135,0,1,0,1,0.0,0.05,2
136,0,0,0,0,0.0,0.0,0
137,0,0,0,0,0.0,0.0,0
138,1,0,1,0,0.06896551724137931,0.0,1
139,0,1,0,1,0.0,0.05,2
140,0,1,0,1,0.0,0.05,2
141,0,0,0,0,0.0,0.0,0
142,0,1,0,1,0.0,0.05,2
143,1,0,1,0,0.06896551724137931,0.0,1
144,1,0,1,0,0.06896551724137931,0.0,1
145,0,0,0,0,0.0,0.0,0
146,1,0,1,0,0.06896551724137931,0.0,1
147,0,1,0,1,0.0,0.05,2
148,1,1,1,1,0.06896551724137931,0.05,1
149,0,0,0,0,0.0,0.0,0
150,0,0,0,0,0.0,0.0,0
151,0,0,0,0,0.0,0.0,0
152,0,0,0,0,0.0,0.0,0
153,1,1,1,1,0.06896551724137931,0.05,1
154,1,1,1,1,0.06896551724137931,0.05,1
155,1,0,1,0,0.06896551724137931,0.0,1
156,0,1,0,1,0.0,0.05,2
157,1,0,1,0,0.06896551724137931,0.0,1
158,0,0,0,0,0.0,0.0,0
159,1,1,1,1,0.06896551724137931,0.05,1
160,1,1,1,1,0.06896551724137931,0.05,1
161,1,0,1,0,0.06896551724137931,0.0,1
162,0,0,0,0,0.0,0.0,0
163,0,0,0,0,0.0,0.0,0
164,0,1,0,1,0.0,0.05,2
165,0,1,0,2,0.0,0.15000000000000002,2
166,1,1,2,1,0.13793103448275862,0.05,1
167,0,1,0,1,0.0,0.05,2
168,0,0,0,0,0.0,0.0,0
169,0,0,0,0,0.0,0.0,0
170,1,1,1,1,0.06896551724137931,0.05,1
171,0,1,0,1,0.0,0.05,2
172,0,1,0,1,0.0,0.05,2
173,1,1,1,1,0.034482758620689655,0.05,2
174,0,0,0,0,0.0,0.0,0
175,0,1,0,1,0.0,0.05,2
176,1,0,1,0,0.06896551724137931,0.0,1
177,0,1,0,1,0.0,0.05,2
178,0,0,0,0,0.0,0.0,0
179,1,0,1,0,0.06896551724137931,0.0,1
180,0,1,0,2,0.0,0.2,2
181,0,1,0,1,0.0,0.05,2
182,0,0,0,0,0.0,0.0,0
183,0,0,0,0,0.0,0.0,0
184,1,1,1,1,0.06896551724137931,0.05,1
185,1,1,1,1,0.06896551724137931,0.05,1
186,0,1,0,1,0.0,0.05,2
187,1,0,1,0,0.06896551724137931,0.0,1
188,1,1,1,1,0.06896551724137931,0.05,1
189,1,0,1,0,0.06896551724137931,0.0,1
190,1,1,1,1,0.06896551724137931,0.05,1
191,1,0,1,0,0.06896551724137931,0.0,1
192,0,1,0,2,0.0,0.15000000000000002,2
193,0,0,0,0,0.0,0.0,0
194,0,1,0,2,0.0,0.15000000000000002,2
195,0,1,0,1,0.0,0.05,2
196,0,1,0,1,0.0,0.05,2
197,1,0,1,0,0.06896551724137931,0.0,1
198,0,0,0,0,0.0,0.0,0
199,0,1,0,2,0.0,0.15000000000000002,2
200,0,1,0,1,0.0,0.05,2
201,1,0,1,0,0.06896551724137931,0.0,1
202,0,0,0,0,0.0,0.0,0
203,1,1,1,1,0.034482758620689655,0.05,2
204,1,1,1,1,0.034482758620689655,0.1,2
205,0,0,0,0,0.0,0.0,0
206,0,1,0,1,0.0,0.05,2
207,0,0,0,0,0.0,0.0,0
208,0,0,0,0,0.0,0.0,0
209,0,1,0,1,0.0,0.05,2
210,1,1,1,1,0.06896551724137931,0.05,1
211,0,0,0,0,0.0,0.0,0
212,0,0,0,0,0.0,0.0,0
213,1,0,1,0,0.06896551724137931,0.0,1
214,0,0,0,0,0.0,0.0,0
215,0,0,0,0,0.0,0.0,0
216,0,1,0,1,0.0,0.05,2
217,0,1,0,1,0.0,0.05,2
218,0,1,0,1,0.0,0.1,2
219,0,1,0,1,0.0,0.05,2
220,1,0,1,0,0.06896551724137931,0.0,1
221,1,0,1,0,0.06896551724137931,0.0,1
222,0,1,0,1,0.0,0.05,2
223,0,1,0,1,0.0,0.05,2
224,1,1,1,1,0.06896551724137931,0.05,1
225,1,0,1,0,0.06896551724137931,0.0,1
226,0,1,0,1,0.0,0.05,2
227,0,1,0,1,0.0,0.05,2
228,0,1,0,1,0.0,0.05,2
229,0,0,0,0,0.0,0.0,0
230,0,1,0,1,0.0,0.05,2
231,1,0,2,0,0.13793103448275862,0.0,1
232,1,0,1,0,0.06896551724137931,0.0,1
233,1,0,1,0,0.06896551724137931,0.0,1
234,0,1,0,2,0.0,0.15000000000000002,2
235,0,1,0,1,0.0,0.05,2
236,0,0,0,0,0.0,0.0,0
237,1,0,1,0,0.06896551724137931,0.0,1
238,0,0,0,0,0.0,0.0,0
239,0,1,0,1,0.0,0.05,2
240,0,0,0,0,0.0,0.0,0
241,0,0,0,0,0.0,0.0,0
242,0,1,0,1,0.0,0.05,2
243,1,1,1,1,0.06896551724137931,0.05,1
244,1,0,1,0,0.06896551724137931,0.0,1
245,0,0,0,0,0.0,0.0,0
246,0,1,0,2,0.0,0.15000000000000002,2
247,0,1,0,1,0.0,0.05,2
248,1,0,1,0,0.06896551724137931,0.0,1
249,0,0,0,0,0.0,0.0,0
250,0,0,0,0,0.0,0.0,0
251,0,1,0,1,0.0,0.05,2
252,1,1,1,1,0.06896551724137931,0.05,1
253,0,0,0,0,0.0,0.0,0
254,1,1,1,1,0.06896551724137931,0.05,1
255,1,0,2,0,0.13793103448275862,0.0,1
256,0,0,0,0,0.0,0.0,0
257,1,1,1,1,0.06896551724137931,0.05,1
258,0,0,0,0,0.0,0.0,0
259,0,1,0,1,0.0,0.05,2
260,1,0,1,0,0.06896551724137931,0.0,1
261,1,1,1,1,0.06896551724137931,0.1,2
262,1,1,1,1,0.06896551724137931,0.05,1
263,1,1,1,1,0.06896551724137931,0.1,2
264,0,1,0,1,0.0,0.05,2
265,0,1,0,1,0.0,0.05,2
266,0,1,0,1,0.0,0.05,2
267,0,0,0,0,0.0,0.0,0
268,1,0,1,0,0.06896551724137931,0.0,1
269,0,1,0,1,0.0,0.05,2
270,0,0,0,0,0.0,0.0,0
271,0,1,0,2,0.0,0.15000000000000002,2
272,0,0,0,0,0.0,0.0,0
273,1,1,1,1,0.034482758620689655,0.05,2
274,1,0,1,0,0.06896551724137931,0.0,1
275,1,0,1,0,0.06896551724137931,0.0,1
276,1,0,1,0,0.06896551724137931,0.0,1
277,0,1,0,1,0.0,0.05,2
278,1,1,1,1,0.06896551724137931,0.05,1
279,1,1,2,1,0.13793103448275862,0.05,1
280,0,1,0,1,0.0,0.05,2
281,0,0,0,0,0.0,0.0,0
282,1,1,1,1,0.06896551724137931,0.05,1
283,1,1,1,1,0.06896551724137931,0.05,1
284,0,1,0,1,0.0,0.05,2
285,1,0,1,0,0.06896551724137931,0.0,1
286,0,1,0,1,0.0,0.05,2
287,0,0,0,0,0.0,0.0,0
288,0,1,0,1,0.0,0.05,2
289,0,0,0,0,0.0,0.0,0
290,0,1,0,1,0.0,0.05,2
291,0,0,0,0,0.0,0.0,0
292,1,0,1,0,0.06896551724137931,0.0,1
293,0,1,0,1,0.0,0.05,2
294,1,0,1,0,0.06896551724137931,0.0,1
295,0,1,0,2,0.0,0.15000000000000002,2
296,0,1,0,2,0.0,0.15000000000000002,2
297,1,0,1,0,0.06896551724137931,0.0,1
298,1,0,2,0,0.13793103448275862,0.0,1
299,0,1,0,1,0.0,0.05,2
300,0,1,0,1,0.0,0.05,2
301,0,1,0,1,0.0,0.05,2
302,0,0,0,0,0.0,0.0,0
303,1,1,1,1,0.06896551724137931,0.05,1
304,0,0,0,0,0.0,0.0,0
305,1,0,2,0,0.10344827586206896,0.0,1
306,1,0,1,0,0.06896551724137931,0.0,1
307,1,1,1,1,0.06896551724137931,0.05,1
308,1,0,1,0,0.06896551724137931,0.0,1
309,0,0,0,0,0.0,0.0,0
310,1,0,1,0,0.06896551724137931,0.0,1
311,0,0,0,0,0.0,0.0,0
312,1,1,1,1,0.06896551724137931,0.1,2
313,0,1,0,1,0.0,0.05,2
314,1,0,2,0,0.10344827586206896,0.0,1
315,0,0,0,0,0.0,0.0,0
316,0,0,0,0,0.0,0.0,0
317,0,1,0,1,0.0,0.05,2
318,0,1,0,1,0.0,0.05,2
319,0,1,0,1,0.0,0.05,2
320,0,0,0,0,0.0,0.0,0
321,1,0,1,0,0.06896551724137931,0.0,1
322,1,0,1,0,0.06896551724137931,0.0,1
323,0,1,0,1,0.0,0.05,2
324,1,0,1,0,0.06896551724137931,0.0,1
325,0,1,0,1,0.0,0.05,2
326,0,1,0,1,0.0,0.05,2
327,1,1,1,1,0.06896551724137931,0.05,1
328,1,0,1,0,0.06896551724137931,0.0,1
329,0,0,0,0,0.0,0.0,0
330,1,1,1,2,0.06896551724137931,0.15000000000000002,2
331,1,0,1,0,0.06896551724137931,0.0,1
332,0,1,0,1,0.0,0.05,2
333,0,1,0,1,0.0,0.05,2
334,1,0,1,0,0.06896551724137931,0.0,1
335,0,0,0,0,0.0,0.0,0
336,0,1,0,2,0.0,0.15000000000000002,2
337,1,1,2,1,0.10344827586206896,0.1,1
338,1,0,1,0,0.06896551724137931,0.0,1
339,1,0,1,0,0.06896551724137931,0.0,1
340,1,0,1,0,0.06896551724137931,0.0,1
341,0,0,0,0,0.0,0.0,0
342,0,0,0,0,0.0,0.0,0
343,1,0,1,0,0.06896551724137931,0.0,1
344,1,0,1,0,0.06896551724137931,0.0,1
345,0,0,0,0,0.0,0.0,0
346,0,1,0,1,0.0,0.05,2
347,0,1,0,1,0.0,0.05,2
348,1,0,1,0,0.06896551724137931,0.0,1
349,1,1,2,1,0.10344827586206896,0.1,1
350,0,1,0,1,0.0,0.05,2
351,0,0,0,0,0.0,0.0,0
352,1,1,1,1,0.06896551724137931,0.05,1
353,1,1,1,1,0.06896551724137931,0.05,1
354,1,0,1,0,0.06896551724137931,0.0,1
355,1,0,1,0,0.034482758620689655,0.0,1
356,0,1,0,1,0.0,0.05,2
357,0,0,0,0,0.0,0.0,0
358,0,0,0,0,0.0,0.0,0
359,0,1,0,1,0.0,0.05,2
360,0,1,0,1,0.0,0.05,2
361,0,0,0,0,0.0,0.0,0
362,0,1,0,1,0.0,0.05,2
363,0,1,0,1,0.0,0.05,2
364,0,1,0,1,0.0,0.05,2
365,0,0,0,0,0.0,0.0,0
366,0,0,0,0,0.0,0.0,0
367,1,1,1,1,0.06896551724137931,0.05,1
368,1,1,1,1,0.06896551724137931,0.05,1
369,1,0,1,0,0.06896551724137931,0.0,1
370,1,0,1,0,0.06896551724137931,0.0,1
371,1,0,1,0,0.06896551724137931,0.0,1
372,0,0,0,0,0.0,0.0,0
373,1,0,1,0,0.06896551724137931,0.0,1
374,1,1,1,1,0.06896551724137931,0.05,1
375,1,1,1,1,0.06896551724137931,0.05,1
376,0,1,0,1,0.0,0.05,2
377,1,0,1,0,0.06896551724137931,0.0,1
378,0,0,0,0,0.0,0.0,0
379,0,1,0,1,0.0,0.05,2
380,1,1,1,1,0.06896551724137931,0.05,1
381,0,0,0,0,0.0,0.0,0
382,1,0,1,0,0.06896551724137931,0.0,1
383,1,0,1,0,0.034482758620689655,0.0,1
384,0,1,0,1,0.0,0.05,2
385,1,0,1,0,0.06896551724137931,0.0,1
386,1,0,1,0,0.06896551724137931,0.0,1
387,1,0,1,0,0.06896551724137931,0.0,1
388,0,0,0,0,0.0,0.0,0
389,0,0,0,0,0.0,0.0,0
390,0,1,0,1,0.0,0.05,2
391,0,1,0,1,0.0,0.05,2
392,1,0,1,0,0.06896551724137931,0.0,1
393,0,1,0,1,0.0,0.05,2
394,0,1,0,1,0.0,0.05,2
395,0,1,0,2,0.0,0.15000000000000002,2
396,1,0,1,0,0.034482758620689655,0.0,1
397,0,1,0,1,0.0,0.05,2
398,1,0,2,0,0.13793103448275862,0.0,1
399,0,1,0,1,0.0,0.05,2
400,0,1,0,2,0.0,0.15000000000000002,2
401,0,1,0,1,0.0,0.05,2
402,0,1,0,1,0.0,0.05,2
403,0,1,0,2,0.0,0.15000000000000002,2
404,0,0,0,0,0.0,0.0,0
405,1,0,1,0,0.06896551724137931,0.0,1
406,0,0,0,0,0.0,0.0,0
407,1,0,1,0,0.06896551724137931,0.0,1
408,1,0,1,0,0.06896551724137931,0.0,1
409,0,0,0,0,0.0,0.0,0
410,0,1,0,1,0.0,0.05,2
411,0,1,0,1,0.0,0.05,2
412,1,0,1,0,0.06896551724137931,0.0,1
413,0,0,0,0,0.0,0.0,0
414,0,0,0,0,0.0,0.0,0
415,1,1,1,1,0.06896551724137931,0.05,1
416,1,1,1,1,0.034482758620689655,0.05,2
417,0,0,0,0,0.0,0.0,0
418,1,0,1,0,0.06896551724137931,0.0,1
419,0,0,0,0,0.0,0.0,0
420,0,1,0,1,0.0,0.05,2
421,0,0,0,0,0.0,0.0,0
422,0,1,0,1,0.0,0.05,2
423,0,0,0,0,0.0,0.0,0
424,1,0,1,0,0.06896551724137931,0.0,1
425,1,0,1,0,0.06896551724137931,0.0,1
426,1,0,1,0,0.06896551724137931,0.0,1
427,1,0,1,0,0.06896551724137931,0.0,1
428,0,1,0,1,0.0,0.05,2
429,0,0,0,0,0.0,0.0,0
430,1,1,1,1,0.06896551724137931,0.05,1
431,0,1,0,1,0.0,0.05,2
432,1,0,1,0,0.06896551724137931,0.0,1
433,0,0,0,0,0.0,0.0,0
434,1,0,1,0,0.06896551724137931,0.0,1
435,0,1,0,1,0.0,0.05,2
436,0,1,0,1,0.0,0.05,2
437,0,1,0,1,0.0,0.05,2
438,0,1,0,1,0.0,0.05,2
439,1,0,1,0,0.06896551724137931,0.0,1
440,1,0,1,0,0.06896551724137931,0.0,1
441,1,1,1,1,0.06896551724137931,0.05,1
442,0,0,0,0,0.0,0.0,0
443,0,1,0,1,0.0,0.05,2
444,0,1,0,1,0.0,0.05,2
445,1,0,1,0,0.06896551724137931,0.0,1
446,1,1,2,1,0.13793103448275862,0.05,1
447,1,0,1,0,0.06896551724137931,0.0,1
448,0,1,0,1,0.0,0.05,2
449,1,1,1,1,0.06896551724137931,0.05,1
450,1,0,1,0,0.06896551724137931,0.0,1
451,1,1,1,1,0.06896551724137931,0.05,1
452,1,0,1,0,0.06896551724137931,0.0,1
453,1,1,1,1,0.06896551724137931,0.05,1
454,1,0,1,0,0.06896551724137931,0.0,1
455,1,0,1,0,0.06896551724137931,0.0,1
456,0,0,0,0,0.0,0.0,0
457,1,0,1,0,0.06896551724137931,0.0,1
458,1,0,1,0,0.06896551724137931,0.0,1
459,0,1,0,1,0.0,0.05,2
460,0,0,0,0,0.0,0.0,0
461,0,1,0,1,0.0,0.05,2
462,1,1,2,1,0.10344827586206896,0.05,1
463,0,1,0,1,0.0,0.05,2
464,0,1,0,1,0.0,0.1,2
465,0,1,0,1,0.0,0.05,2
466,0,1,0,1,0.0,0.05,2
467,0,1,0,1,0.0,0.05,2
468,0,1,0,1,0.0,0.05,2
469,1,0,1,0,0.06896551724137931,0.0,1
470,1,0,1,0,0.06896551724137931,0.0,1
471,0,1,0,1,0.0,0.05,2
472,1,1,1,2,0.06896551724137931,0.15000000000000002,2
473,1,1,1,1,0.06896551724137931,0.05,1
474,0,1,0,1,0.0,0.05,2
475,0,1,0,1,0.0,0.05,2
476,0,0,0,0,0.0,0.0,0
477,0,1,0,1,0.0,0.05,2
478,1,0,1,0,0.06896551724137931,0.0,1
479,1,1,2,2,0.06896551724137931,0.15000000000000002,2
480,0,0,0,0,0.0,0.0,0
481,1,0,1,0,0.06896551724137931,0.0,1
482,1,1,1,1,0.06896551724137931,0.05,1
483,1,1,2,1,0.13793103448275862,0.05,1
484,1,0,1,0,0.06896551724137931,0.0,1
485,1,0,1,0,0.06896551724137931,0.0,1
486,0,0,0,0,0.0,0.0,0
487,1,1,1,1,0.034482758620689655,0.05,2
488,1,0,2,0,0.10344827586206896,0.0,1
489,0,1,0,1,0.0,0.05,2
490,1,0,1,0,0.06896551724137931,0.0,1
491,0,0,0,0,0.0,0.0,0
492,0,1,0,1,0.0,0.1,2
493,0,0,0,0,0.0,0.0,0
494,1,1,1,1,0.034482758620689655,0.05,2
495,0,1,0,1,0.0,0.05,2
496,0,0,0,0,0.0,0.0,0
497,0,1,0,1,0.0,0.05,2
498,0,1,0,1,0.0,0.05,2
499,0,1,0,2,0.0,0.15000000000000002,2
500,0,0,0,0,0.0,0.0,0
501,0,1,0,1,0.0,0.05,2
502,0,0,0,0,0.0,0.0,0
503,0,0,0,0,0.0,0.0,0
504,1,0,1,0,0.06896551724137931,0.0,1
505,0,1,0,1,0.0,0.05,2
506,0,1,0,1,0.0,0.05,2
507,0,0,0,0,0.0,0.0,0
508,0,1,0,1,0.0,0.05,2
509,0,1,0,2,0.0,0.15000000000000002,2
510,1,1,1,1,0.06896551724137931,0.05,1
511,0,1,0,2,0.0,0.15000000000000002,2
512,0,0,0,0,0.0,0.0,0
513,1,0,1,0,0.06896551724137931,0.0,1
514,0,0,0,0,0.0,0.0,0
515,1,0,2,0,0.13793103448275862,0.0,1
516,1,0,2,0,0.13793103448275862,0.0,1
517,1,0,1,0,0.06896551724137931,0.0,1
518,0,0,0,0,0.0,0.0,0
519,0,1,0,1,0.0,0.05,2
520,0,1,0,1,0.0,0.05,2
521,1,0,1,0,0.06896551724137931,0.0,1
522,0,0,0,0,0.0,0.0,0
523,0,1,0,1,0.0,0.05,2
524,0,0,0,0,0.0,0.0,0
525,1,1,1,1,0.06896551724137931,0.05,1
526,0,1,0,2,0.0,0.15000000000000002,2
527,1,0,1,0,0.06896551724137931,0.0,1
528,0,0,0,0,0.0,0.0,0
529,1,1,1,1,0.06896551724137931,0.05,1
530,1,0,2,0,0.13793103448275862,0.0,1
531,1,0,2,0,0.13793103448275862,0.0,1
532,1,0,1,0,0.06896551724137931,0.0,1
533,1,0,1,0,0.06896551724137931,0.0,1
534,1,0,1,0,0.06896551724137931,0.0,1
535,1,0,1,0,0.06896551724137931,0.0,1
536,1,1,1,2,0.06896551724137931,0.15000000000000002,2
537,1,1,2,1,0.13793103448275862,0.05,1
538,0,1,0,1,0.0,0.05,2
539,0,1,0,1,0.0,0.05,2
540,1,1,1,1,0.06896551724137931,0.05,1
541,1,1,1,1,0.06896551724137931,0.05,1
542,0,1,0,1,0.0,0.05,2
543,0,1,0,1,0.0,0.05,2
544,1,0,2,0,0.10344827586206896,0.0,1
545,1,1,1,1,0.06896551724137931,0.05,1
546,0,1,0,1,0.0,0.05,2
547,1,0,1,0,0.06896551724137931,0.0,1
548,1,0,1,0,0.06896551724137931,0.0,1
549,0,0,0,0,0.0,0.0,0
550,0,0,0,0,0.0,0.0,0
551,0,0,0,0,0.0,0.0,0
552,0,1,0,1,0.0,0.05,2
553,0,0,0,0,0.0,0.0,0
554,0,1,0,1,0.0,0.05,2
555,0,0,0,0,0.0,0.0,0
556,0,0,0,0,0.0,0.0,0
557,1,0,4,0,0.1724137931034483,0.0,1
558,0,0,0,0,0.0,0.0,0
559,1,1,1,1,0.06896551724137931,0.05,1
560,1,0,1,0,0.06896551724137931,0.0,1
561,1,0,1,0,0.034482758620689655,0.0,1
562,0,1,0,1,0.0,0.05,2
563,0,0,0,0,0.0,0.0,0
564,0,1,0,1,0.0,0.05,2
565,0,1,0,1,0.0,0.05,2
566,1,1,1,1,0.06896551724137931,0.05,1
567,1,0,1,0,0.06896551724137931,0.0,1
568,1,0,1,0,0.06896551724137931,0.0,1
569,0,1,0,2,0.0,0.15000000000000002,2
570,1,0,1,0,0.06896551724137931,0.0,1
571,0,0,0,0,0.0,0.0,0
572,0,0,0,0,0.0,0.0,0
573,0,1,0,1,0.0,0.05,2
574,1,0,1,0,0.06896551724137931,0.0,1
575,1,0,1,0,0.06896551724137931,0.0,1
576,1,0,1,0,0.06896551724137931,0.0,1
577,0,0,0,0,0.0,0.0,0
578,1,1,1,1,0.06896551724137931,0.05,1
579,0,1,0,1,0.0,0.05,2
580,0,1,0,1,0.0,0.05,2
581,0,1,0,1,0.0,0.05,2
582,1,0,2,0,0.13793103448275862,0.0,1
583,1,0,1,0,0.06896551724137931,0.0,1
584,1,1,1,1,0.06896551724137931,0.05,1
585,0,1,0,1,0.0,0.05,2
586,0,1,0,2,0.0,0.15000000000000002,2
587,0,0,0,0,0.0,0.0,0
588,1,0,1,0,0.06896551724137931,0.0,1
589,1,0,1,0,0.06896551724137931,0.0,1
590,0,0,0,0,0.0,0.0,0
591,0,1,0,1,0.0,0.05,2
592,1,1,1,1,0.06896551724137931,0.05,1
593,1,0,1,0,0.06896551724137931,0.0,1
594,0,0,0,0,0.0,0.0,0
595,0,0,0,0,0.0,0.0,0
596,0,0,0,0,0.0,0.0,0
597,0,1,0,1,0.0,0.05,2
598,1,0,1,0,0.06896551724137931,0.0,1
599,1,0,1,0,0.06896551724137931,0.0,1
600,1,0,1,0,0.06896551724137931,0.0,1
601,1,0,1,0,0.06896551724137931,0.0,1
602,0,0,0,0,0.0,0.0,0
603,0,1,0,1,0.0,0.05,2
604,0,1,0,1,0.0,0.05,2
605,0,0,0,0,0.0,0.0,0
606,1,1,1,1,0.06896551724137931,0.05,1
607,0,0,0,0,0.0,0.0,0
608,0,0,0,0,0.0,0.0,0
609,0,0,0,0,0.0,0.0,0
610,0,0,0,0,0.0,0.0,0
611,0,1,0,1,0.0,0.05,2
612,0,0,0,0,0.0,0.0,0
613,0,0,0,0,0.0,0.0,0
614,0,1,0,1,0.0,0.05,2
615,0,0,0,0,0.0,0.0,0
616,0,0,0,0,0.0,0.0,0
617,0,1,0,1,0.0,0.05,2
618,1,0,1,0,0.06896551724137931,0.0,1
619,0,1,0,1,0.0,0.05,2
620,0,0,0,0,0.0,0.0,0
621,0,0,0,0,0.0,0.0,0
622,0,1,0,1,0.0,0.05,2
623,1,0,1,0,0.06896551724137931,0.0,1
624,0,0,0,0,0.0,0.0,0
625,0,1,0,2,0.0,0.15000000000000002,2
626,0,1,0,1,0.0,0.05,2
627,0,1,0,1,0.0,0.05,2
628,0,0,0,0,0.0,0.0,0
629,0,0,0,0,0.0,0.0,0
630,1,0,1,0,0.06896551724137931,0.0,1
631,0,0,0,0,0.0,0.0,0
632,1,0,1,0,0.06896551724137931,0.0,1
633,0,1,0,1,0.0,0.05,2
634,0,0,0,0,0.0,0.0,0
635,0,0,0,0,0.0,0.0,0
636,1,0,1,0,0.06896551724137931,0.0,1
637,1,0,1,0,0.06896551724137931,0.0,1
638,0,1,0,1,0.0,0.05,2
639,0,0,0,0,0.0,0.0,0
640,1,1,1,1,0.06896551724137931,0.05,1
641,0,1,0,1,0.0,0.05,2
642,0,0,0,0,0.0,0.0,0
643,0,0,0,0,0.0,0.0,0
644,0,1,0,1,0.0,0.05,2
645,1,0,1,0,0.06896551724137931,0.0,1
646,1,0,1,0,0.06896551724137931,0.0,1
647,0,0,0,0,0.0,0.0,0
648,0,0,0,0,0.0,0.0,0
649,0,0,0,0,0.0,0.0,0
650,1,0,2,0,0.10344827586206896,0.0,1
651,0,1,0,1,0.0,0.05,2
652,0,1,0,1,0.0,0.05,2
653,1,1,1,1,0.06896551724137931,0.05,1
654,0,0,0,0,0.0,0.0,0
655,0,1,0,1,0.0,0.05,2
656,0,1,0,1,0.0,0.05,2
657,0,0,0,0,0.0,0.0,0
658,0,0,0,0,0.0,0.0,0
659,0,1,0,1,0.0,0.05,2
660,1,0,1,0,0.06896551724137931,0.0,1
661,1,0,1,0,0.06896551724137931,0.0,1
662,1,0,2,0,0.10344827586206896,0.0,1
663,1,0,1,0,0.06896551724137931,0.0,1
664,1,0,1,0,0.06896551724137931,0.0,1
665,0,0,0,0,0.0,0.0,0
666,0,0,0,0,0.0,0.0,0
667,0,1,0,1,0.0,0.05,2
668,1,1,1,1,0.06896551724137931,0.05,1
669,1,1,1,1,0.06896551724137931,0.05,1
670,1,1,3,1,0.1724137931034483,0.05,1
671,1,0,1,0,0.06896551724137931,0.0,1
672,0,1,0,2,0.0,0.15000000000000002,2
673,0,1,0,1,0.0,0.05,2
674,1,0,1,0,0.06896551724137931,0.0,1
675,1,0,1,0,0.06896551724137931,0.0,1
676,0,1,0,1,0.0,0.05,2
677,1,0,1,0,0.06896551724137931,0.0,1
678,1,0,2,0,0.13793103448275862,0.0,1
679,0,1,0,1,0.0,0.05,2
680,0,1,0,1,0.0,0.05,2
681,0,0,0,0,0.0,0.0,0
682,1,0,1,0,0.06896551724137931,0.0,1
683,0,1,0,1,0.0,0.05,2
684,0,1,0,1,0.0,0.05,2
685,1,0,1,0,0.06896551724137931,0.0,1
686,1,0,1,0,0.06896551724137931,0.0,1
687,0,1,0,2,0.0,0.15000000000000002,2
688,1,1,1,1,0.034482758620689655,0.1,2
689,1,0,1,0,0.034482758620689655,0.0,1
690,0,0,0,0,0.0,0.0,0
691,1,1,1,1,0.06896551724137931,0.05,1
692,1,1,1,1,0.06896551724137931,0.05,1
693,1,1,1,1,0.06896551724137931,0.05,1
694,0,1,0,1,0.0,0.05,2
695,0,1,0,1,0.0,0.05,2
696,0,0,0,0,0.0,0.0,0
697,1,1,1,1,0.06896551724137931,0.1,2
698,0,0,0,0,0.0,0.0,0
699,0,1,0,1,0.0,0.05,2
700,1,1,2,1,0.10344827586206896,0.05,1
701,0,1,0,1,0.0,0.05,2
702,0,1,0,1,0.0,0.05,2
703,0,1,0,1,0.0,0.1,2
704,0,0,0,0,0.0,0.0,0
705,0,0,0,0,0.0,0.0,0
706,1,0,1,0,0.06896551724137931,0.0,1
707,1,0,1,0,0.06896551724137931,0.0,1
708,0,0,0,0,0.0,0.0,0
709,1,1,1,1,0.06896551724137931,0.05,1
710,1,1,1,1,0.06896551724137931,0.05,1
711,0,1,0,1,0.0,0.05,2
712,0,1,0,1,0.0,0.05,2
713,0,1,0,1,0.0,0.05,2
714,1,1,1,1,0.06896551724137931,0.05,1
715,0,1,0,1,0.0,0.05,2
716,0,0,0,0,0.0,0.0,0
717,1,0,1,0,0.06896551724137931,0.0,1
718,0,1,0,1,0.0,0.05,2
719,1,1,1,1,0.06896551724137931,0.05,1
720,0,1,0,1,0.0,0.05,2
721,0,1,0,1,0.0,0.05,2
722,0,1,0,1,0.0,0.05,2
723,1,1,1,1,0.06896551724137931,0.05,1
724,1,0,1,0,0.06896551724137931,0.0,1
725,0,0,0,0,0.0,0.0,0
726,1,0,1,0,0.034482758620689655,0.0,1
727,0,1,0,1,0.0,0.05,2
728,0,1,0,1,0.0,0.05,2
729,1,0,1,0,0.06896551724137931,0.0,1
730,0,1,0,1,0.0,0.05,2
731,0,0,0,0,0.0,0.0,0
732,1,1,1,1,0.06896551724137931,0.05,1
733,1,1,1,1,0.06896551724137931,0.05,1
734,1,1,1,1,0.06896551724137931,0.05,1
735,1,0,1,0,0.06896551724137931,0.0,1
736,0,0,0,0,0.0,0.0,0
737,0,1,0,1,0.0,0.05,2
738,0,1,0,1,0.0,0.05,2
739,0,0,0,0,0.0,0.0,0
740,1,0,2,0,0.10344827586206896,0.0,1
741,0,1,0,2,0.0,0.15000000000000002,2
742,1,1,1,1,0.06896551724137931,0.05,1
743,0,1,0,1,0.0,0.05,2
744,0,0,0,0,0.0,0.0,0
745,1,0,1,0,0.06896551724137931,0.0,1
746,1,1,2,1,0.13793103448275862,0.05,1
747,0,0,0,0,0.0,0.0,0
748,1,0,1,0,0.06896551724137931,0.0,1
749,1,0,2,0,0.06896551724137931,0.0,1
750,0,0,0,0,0.0,0.0,0
751,0,1,0,1,0.0,0.05,2
752,0,0,0,0,0.0,0.0,0
753,1,0,1,0,0.06896551724137931,0.0,1
754,0,1,0,1,0.0,0.05,2
755,0,1,0,1,0.0,0.05,2
756,1,0,1,0,0.06896551724137931,0.0,1
757,1,0,1,0,0.06896551724137931,0.0,1
758,0,0,0,0,0.0,0.0,0
759,0,0,0,0,0.0,0.0,0
760,0,0,0,0,0.0,0.0,0
761,0,1,0,1,0.0,0.05,2
762,0,1,0,1,0.0,0.05,2
763,1,0,2,0,0.10344827586206896,0.0,1
764,1,0,1,0,0.06896551724137931,0.0,1
765,0,1,0,1,0.0,0.05,2
766,0,0,0,0,0.0,0.0,0
767,1,0,1,0,0.06896551724137931,0.0,1
768,0,1,0,1,0.0,0.05,2
769,0,1,0,1,0.0,0.05,2
770,0,1,0,1,0.0,0.05,2
771,1,1,1,1,0.06896551724137931,0.05,1
772,0,0,0,0,0.0,0.0,0
773,0,0,0,0,0.0,0.0,0
774,1,1,1,1,0.06896551724137931,0.05,1
775,1,0,1,0,0.06896551724137931,0.0,1
776,1,0,1,0,0.06896551724137931,0.0,1
777,0,1,0,2,0.0,0.15000000000000002,2
778,1,0,2,0,0.13793103448275862,0.0,1
779,0,1,0,1,0.0,0.05,2
780,0,0,0,0,0.0,0.0,0
781,0,0,0,0,0.0,0.0,0
782,0,1,0,1,0.0,0.05,2
783,0,1,0,1,0.0,0.05,2
784,1,1,1,1,0.06896551724137931,0.05,1
785,1,1,2,1,0.10344827586206896,0.1,1
786,1,1,1,1,0.06896551724137931,0.05,1
787,0,1,0,2,0.0,0.15000000000000002,2
788,0,0,0,0,0.0,0.0,0
789,0,1,0,1,0.0,0.05,2
790,1,1,3,1,0.20689655172413793,0.05,1
791,0,0,0,0,0.0,0.0,0
792,0,0,0,0,0.0,0.0,0
793,1,1,1,1,0.06896551724137931,0.05,1
794,0,0,0,0,0.0,0.0,0
795,1,0,1,0,0.06896551724137931,0.0,1
796,0,1,0,1,0.0,0.05,2
797,1,1,1,1,0.06896551724137931,0.05,1
798,0,0,0,0,0.0,0.0,0
799,0,1,0,1,0.0,0.05,2
800,0,1,0,1,0.0,0.05,2
801,0,1,0,1,0.0,0.05,2
802,0,1,0,2,0.0,0.15000000000000002,2
803,1,0,1,0,0.06896551724137931,0.0,1
804,0,0,0,0,0.0,0.0,0
805,0,0,0,0,0.0,0.0,0
806,1,0,1,0,0.06896551724137931,0.0,1
807,0,0,0,0,0.0,0.0,0
808,0,1,0,1,0.0,0.05,2
809,0,0,0,0,0.0,0.0,0
810,0,1,0,1,0.0,0.05,2
811,0,1,0,1,0.0,0.05,2
812,1,0,1,0,0.06896551724137931,0.0,1
813,0,1,0,1,0.0,0.05,2
814,0,0,0,0,0.0,0.0,0
815,0,1,0,1,0.0,0.05,2
816,0,1,0,2,0.0,0.15000000000000002,2
817,0,1,0,1,0.0,0.05,2
818,1,1,1,1,0.06896551724137931,0.05,1
819,1,1,2,1,0.10344827586206896,0.05,1
820,0,1,0,1,0.0,0.05,2
821,1,1,2,1,0.13793103448275862,0.05,1
822,1,0,1,0,0.06896551724137931,0.0,1
823,1,0,1,0,0.06896551724137931,0.0,1
824,1,0,1,0,0.06896551724137931,0.0,1
825,1,0,1,0,0.06896551724137931,0.0,1
826,0,1,0,1,0.0,0.05,2
827,0,0,0,0,0.0,0.0,0
828,0,0,0,0,0.0,0.0,0
829,1,1,1,1,0.06896551724137931,0.05,1
830,0,0,0,0,0.0,0.0,0
831,0,1,0,1,0.0,0.05,2
832,1,1,1,1,0.06896551724137931,0.05,1
833,1,0,1,0,0.06896551724137931,0.0,1
834,0,0,0,0,0.0,0.0,0
835,0,0,0,0,0.0,0.0,0
836,1,1,1,1,0.06896551724137931,0.05,1
837,1,1,1,1,0.06896551724137931,0.05,1
838,0,1,0,1,0.0,0.05,2
839,0,1,0,1,0.0,0.05,2
840,1,0,2,0,0.13793103448275862,0.0,1
841,0,1,0,1,0.0,0.05,2
842,0,0,0,0,0.0,0.0,0
843,1,0,1,0,0.06896551724137931,0.0,1
844,1,1,1,1,0.06896551724137931,0.05,1
845,1,0,1,0,0.06896551724137931,0.0,1
846,0,0,0,0,0.0,0.0,0
847,0,0,0,0,0.0,0.0,0
848,0,0,0,0,0.0,0.0,0
849,1,0,1,0,0.06896551724137931,0.0,1
850,1,0,1,0,0.06896551724137931,0.0,1
851,0,1,0,1,0.0,0.05,2
852,0,1,0,1,0.0,0.05,2
853,0,0,0,0,0.0,0.0,0
854,0,0,0,0,0.0,0.0,0
855,1,0,1,0,0.06896551724137931,0.0,1
856,0,1,0,2,0.0,0.15000000000000002,2
857,1,1,1,1,0.06896551724137931,0.05,1
858,0,1,0,1,0.0,0.05,2
859,0,0,0,0,0.0,0.0,0
860,0,1,0,1,0.0,0.05,2
861,0,0,0,0,0.0,0.0,0
862,0,1,0,1,0.0,0.05,2
863,1,0,1,0,0.06896551724137931,0.0,1
864,0,1,0,1,0.0,0.05,2
865,0,1,0,1,0.0,0.05,2
866,0,1,0,2,0.0,0.15000000000000002,2
867,0,0,0,0,0.0,0.0,0
868,1,1,1,1,0.06896551724137931,0.05,1
869,1,0,1,0,0.06896551724137931,0.0,1
870,0,0,0,0,0.0,0.0,0
871,0,0,0,0,0.0,0.0,0
872,1,1,1,1,0.06896551724137931,0.05,1
873,0,0,0,0,0.0,0.0,0
874,0,0,0,0,0.0,0.0,0
875,0,0,0,0,0.0,0.0,0
876,0,0,0,0,0.0,0.0,0
877,0,0,0,0,0.0,0.0,0
878,0,0,0,0,0.0,0.0,0
879,1,0,1,0,0.06896551724137931,0.0,1
880,0,0,0,0,0.0,0.0,0
881,0,1,0,2,0.0,0.15000000000000002,2
882,0,1,0,1,0.0,0.05,2
883,1,0,1,0,0.06896551724137931,0.0,1
884,0,1,0,2,0.0,0.15000000000000002,2
885,0,0,0,0,0.0,0.0,0
886,0,0,0,0,0.0,0.0,0
887,1,1,1,1,0.06896551724137931,0.05,1
888,1,0,1,0,0.06896551724137931,0.0,1
889,1,0,1,0,0.06896551724137931,0.0,1
890,0,1,0,1,0.0,0.05,2
891,0,1,0,1,0.0,0.05,2
892,0,1,0,1,0.0,0.05,2
893,1,1,1,1,0.06896551724137931,0.05,1
894,0,1,0,1,0.0,0.05,2
895,0,1,0,1,0.0,0.05,2
896,1,1,2,1,0.10344827586206896,0.1,1
897,0,1,0,1,0.0,0.05,2
898,0,0,0,0,0.0,0.0,0
899,0,0,0,0,0.0,0.0,0
900,0,0,0,0,0.0,0.0,0
901,0,0,0,0,0.0,0.0,0
902,1,0,1,0,0.06896551724137931,0.0,1
903,0,0,0,0,0.0,0.0,0
904,1,0,2,0,0.13793103448275862,0.0,1
905,0,0,0,0,0.0,0.0,0
906,1,0,2,0,0.10344827586206896,0.0,1
907,0,1,0,1,0.0,0.05,2
908,0,1,0,1,0.0,0.05,2
909,0,0,0,0,0.0,0.0,0
910,0,1,0,1,0.0,0.05,2
911,0,0,0,0,0.0,0.0,0
912,0,0,0,0,0.0,0.0,0
913,0,0,0,0,0.0,0.0,0
914,0,1,0,1,0.0,0.05,2
915,1,1,1,1,0.06896551724137931,0.05,1
916,0,0,0,0,0.0,0.0,0
917,0,1,0,1,0.0,0.05,2
918,0,1,0,1,0.0,0.05,2
919,1,0,1,0,0.06896551724137931,0.0,1
920,0,0,0,0,0.0,0.0,0
921,0,1,0,1,0.0,0.05,2
922,0,1,0,1,0.0,0.05,2
923,0,0,0,0,0.0,0.0,0
924,0,1,0,1,0.0,0.05,2
925,0,0,0,0,0.0,0.0,0
926,1,0,1,0,0.06896551724137931,0.0,1
927,0,0,0,0,0.0,0.0,0
928,1,1,1,1,0.06896551724137931,0.05,1
929,1,1,1,2,0.034482758620689655,0.15000000000000002,2
930,1,1,1,1,0.06896551724137931,0.05,1
931,1,1,2,1,0.13793103448275862,0.05,1
932,1,1,1,1,0.06896551724137931,0.05,1
933,0,1,0,1,0.0,0.05,2
934,0,0,0,0,0.0,0.0,0
935,1,0,1,0,0.06896551724137931,0.0,1
936,0,1,0,1,0.0,0.05,2
937,0,1,0,1,0.0,0.05,2
938,0,0,0,0,0.0,0.0,0
939,0,0,0,0,0.0,0.0,0
940,1,0,1,0,0.06896551724137931,0.0,1
941,1,0,2,0,0.13793103448275862,0.0,1
942,1,0,1,0,0.06896551724137931,0.0,1
943,0,0,0,0,0.0,0.0,0
944,1,0,1,0,0.06896551724137931,0.0,1
945,1,0,1,0,0.06896551724137931,0.0,1
946,0,0,0,0,0.0,0.0,0
947,0,1,0,1,0.0,0.05,2
948,0,0,0,0,0.0,0.0,0
949,0,0,0,0,0.0,0.0,0
950,0,0,0,0,0.0,0.0,0
951,0,0,0,0,0.0,0.0,0
952,1,0,1,0,0.06896551724137931,0.0,1
953,1,0,2,0,0.13793103448275862,0.0,1
954,0,1,0,2,0.0,0.15000000000000002,2
955,0,0,0,0,0.0,0.0,0
956,1,0,1,0,0.06896551724137931,0.0,1
957,1,0,1,0,0.06896551724137931,0.0,1
958,1,0,1,0,0.06896551724137931,0.0,1
959,1,0,1,0,0.06896551724137931,0.0,1
960,0,0,0,0,0.0,0.0,0
961,1,0,1,0,0.06896551724137931,0.0,1
962,0,1,0,1,0.0,0.05,2
963,0,1,0,1,0.0,0.05,2
964,1,0,1,0,0.06896551724137931,0.0,1
965,1,0,1,0,0.06896551724137931,0.0,1
966,1,0,1,0,0.06896551724137931,0.0,1
967,0,1,0,1,0.0,0.05,2
968,0,1,0,2,0.0,0.15000000000000002,2
969,1,0,1,0,0.06896551724137931,0.0,1
970,0,0,0,0,0.0,0.0,0
971,1,0,1,0,0.06896551724137931,0.0,1
972,1,0,1,0,0.06896551724137931,0.0,1
973,0,0,0,0,0.0,0.0,0
974,0,0,0,0,0.0,0.0,0
975,0,1,0,1,0.0,0.05,2
976,0,1,0,1,0.0,0.05,2
977,0,1,0,1,0.0,0.05,2
978,1,1,1,1,0.06896551724137931,0.05,1
979,1,0,1,0,0.06896551724137931,0.0,1
980,0,0,0,0,0.0,0.0,0
981,1,1,1,1,0.06896551724137931,0.05,1
982,1,1,1,1,0.06896551724137931,0.05,1
983,1,0,1,0,0.06896551724137931,0.0,1
984,1,1,1,3,0.034482758620689655,0.25,2
985,0,1,0,1,0.0,0.05,2
986,1,1,1,2,0.034482758620689655,0.15000000000000002,2
987,0,1,0,1,0.0,0.05,2
988,0,0,0,0,0.0,0.0,0
989,0,1,0,2,0.0,0.15000000000000002,2
990,0,1,0,1,0.0,0.05,2
991,0,0,0,0,0.0,0.0,0
992,1,0,2,0,0.13793103448275862,0.0,1
993,1,0,1,0,0.06896551724137931,0.0,1
994,0,1,0,1,0.0,0.05,2
995,0,1,0,1,0.0,0.05,2
996,0,1,0,1,0.0,0.05,2
997,0,0,0,0,0.0,0.0,0
998,0,0,0,0,0.0,0.0,0
999,0,0,0,0,0.0,0.0,0
1000,0,0,0,0,0.0,0.0,0
1001,1,1,1,1,0.06896551724137931,0.05,1
1002,1,1,1,1,0.06896551724137931,0.05,1
1003,0,1,0,1,0.0,0.05,2
1004,0,1,0,1,0.0,0.05,2
1005,0,1,0,2,0.0,0.15000000000000002,2
1006,0,0,0,0,0.0,0.0,0
1007,1,0,1,0,0.06896551724137931,0.0,1
1008,0,0,0,0,0.0,0.0,0
1009,0,1,0,1,0.0,0.05,2
1010,0,1,0,1,0.0,0.05,2
1011,1,1,1,2,0.034482758620689655,0.15000000000000002,2
1012,1,0,1,0,0.06896551724137931,0.0,1
1013,0,0,0,0,0.0,0.0,0
1014,1,0,1,0,0.06896551724137931,0.0,1
1015,0,0,0,0,0.0,0.0,0
1016,0,0,0,0,0.0,0.0,0
1017,0,0,0,0,0.0,0.0,0
1018,0,0,0,0,0.0,0.0,0
1019,1,0,1,0,0.06896551724137931,0.0,1
1020,1,0,1,0,0.06896551724137931,0.0,1
1021,0,0,0,0,0.0,0.0,0
1022,0,0,0,0,0.0,0.0,0
1023,0,1,0,1,0.0,0.05,2
1024,0,1,0,1,0.0,0.05,2
1025,0,0,0,0,0.0,0.0,0
1026,1,1,1,2,0.06896551724137931,0.15000000000000002,2
1027,0,0,0,0,0.0,0.0,0
1028,1,1,1,1,0.06896551724137931,0.05,1
1029,0,0,0,0,0.0,0.0,0
1030,0,1,0,1,0.0,0.05,2
1031,0,0,0,0,0.0,0.0,0
1032,0,1,0,1,0.0,0.05,2
1033,1,1,1,1,0.06896551724137931,0.05,1
1034,1,0,1,0,0.06896551724137931,0.0,1
1035,0,1,0,2,0.0,0.15000000000000002,2
1036,0,0,0,0,0.0,0.0,0
1037,0,1,0,1,0.0,0.05,2
1038,0,1,0,1,0.0,0.05,2
1039,1,0,1,0,0.06896551724137931,0.0,1
1040,0,0,0,0,0.0,0.0,0
1041,1,1,1,1,0.06896551724137931,0.05,1
1042,0,1,0,1,0.0,0.05,2
1043,0,0,0,0,0.0,0.0,0
1044,0,0,0,0,0.0,0.0,0
1045,0,0,0,0,0.0,0.0,0
1046,1,1,1,1,0.06896551724137931,0.05,1
1047,1,0,2,0,0.13793103448275862,0.0,1
1048,1,1,1,1,0.06896551724137931,0.05,1
1049,1,0,2,0,0.13793103448275862,0.0,1
1050,1,1,1,1,0.06896551724137931,0.05,1
1051,0,1,0,1,0.0,0.1,2
1052,1,1,2,1,0.13793103448275862,0.05,1
1053,1,1,1,1,0.034482758620689655,0.05,2
1054,1,1,2,1,0.13793103448275862,0.05,1
1055,1,1,1,1,0.06896551724137931,0.05,1
1056,0,0,0,0,0.0,0.0,0
1057,0,0,0,0,0.0,0.0,0
1058,1,1,1,1,0.06896551724137931,0.05,1
1059,0,1,0,1,0.0,0.05,2
1060,0,1,0,1,0.0,0.05,2
1061,0,1,0,1,0.0,0.05,2
1062,0,1,0,1,0.0,0.05,2
1063,0,0,0,0,0.0,0.0,0
1064,0,0,0,0,0.0,0.0,0
1065,0,0,0,0,0.0,0.0,0
1066,0,0,0,0,0.0,0.0,0
1067,0,1,0,2,0.0,0.15000000000000002,2
1068,0,0,0,0,0.0,0.0,0
1069,1,0,1,0,0.06896551724137931,0.0,1
1070,0,1,0,2,0.0,0.15000000000000002,2
1071,0,1,0,1,0.0,0.05,2
1072,1,0,1,0,0.06896551724137931,0.0,1
1073,0,1,0,1,0.0,0.05,2
1074,1,0,2,0,0.10344827586206896,0.0,1
1075,1,0,1,0,0.06896551724137931,0.0,1
1076,1,1,1,2,0.034482758620689655,0.15000000000000002,2
1077,0,0,0,0,0.0,0.0,0
1078,1,1,1,1,0.06896551724137931,0.05,1
1079,1,0,1,0,0.06896551724137931,0.0,1
1080,0,1,0,1,0.0,0.05,2
1081,0,1,0,1,0.0,0.05,2
1082,1,1,1,1,0.06896551724137931,0.05,1
1083,0,0,0,0,0.0,0.0,0
1084,0,0,0,0,0.0,0.0,0
1085,0,0,0,0,0.0,0.0,0
1086,0,0,0,0,0.0,0.0,0
1087,0,0,0,0,0.0,0.0,0
1088,0,1,0,1,0.0,0.05,2
1089,1,0,1,0,0.06896551724137931,0.0,1
1090,0,0,0,0,0.0,0.0,0
1091,0,1,0,1,0.0,0.05,2
1092,0,0,0,0,0.0,0.0,0
1093,1,1,1,1,0.06896551724137931,0.05,1
1094,0,1,0,2,0.0,0.15000000000000002,2
1095,0,1,0,1,0.0,0.05,2
1096,0,1,0,1,0.0,0.05,2
1097,1,0,1,0,0.06896551724137931,0.0,1
1098,1,0,1,0,0.06896551724137931,0.0,1
1099,1,1,1,1,0.06896551724137931,0.05,1
1100,1,0,1,0,0.06896551724137931,0.0,1
1101,1,0,2,0,0.13793103448275862,0.0,1
1102,1,1,1,1,0.06896551724137931,0.05,1
1103,1,1,1,1,0.06896551724137931,0.05,1
1104,1,1,1,1,0.06896551724137931,0.05,1
1105,0,1,0,1,0.0,0.05,2
1106,1,1,1,1,0.06896551724137931,0.05,1
1107,1,1,1,1,0.06896551724137931,0.05,1
1108,0,1,0,1,0.0,0.05,2
1109,0,0,0,0,0.0,0.0,0
1110,0,1,0,1,0.0,0.05,2
1111,0,0,0,0,0.0,0.0,0
1112,0,0,0,0,0.0,0.0,0
1113,0,1,0,1,0.0,0.1,2
1114,0,0,0,0,0.0,0.0,0
1115,0,1,0,1,0.0,0.05,2
1116,1,1,1,1,0.06896551724137931,0.05,1
1117,0,0,0,0,0.0,0.0,0
1118,0,1,0,2,0.0,0.15000000000000002,2
1119,0,1,0,1,0.0,0.05,2
1120,0,0,0,0,0.0,0.0,0
1121,0,1,0,1,0.0,0.05,2
1122,0,1,0,2,0.0,0.15000000000000002,2
1123,0,1,0,3,0.0,0.25,2
1124,1,0,1,0,0.06896551724137931,0.0,1
1125,1,0,1,0,0.06896551724137931,0.0,1
1126,1,1,1,1,0.06896551724137931,0.05,1
1127,0,1,0,1,0.0,0.05,2
1128,1,1,1,1,0.06896551724137931,0.1,2
1129,1,0,1,0,0.06896551724137931,0.0,1
1130,0,1,0,1,0.0,0.05,2
1131,0,1,0,1,0.0,0.05,2
1132,0,0,0,0,0.0,0.0,0
1133,1,1,1,1,0.06896551724137931,0.05,1
1134,0,0,0,0,0.0,0.0,0
1135,1,1,1,1,0.06896551724137931,0.05,1
1136,1,0,1,0,0.06896551724137931,0.0,1
1137,1,0,1,0,0.06896551724137931,0.0,1
1138,0,1,0,1,0.0,0.05,2
1139,0,1,0,2,0.0,0.15000000000000002,2
1140,0,1,0,1,0.0,0.05,2
1141,0,1,0,2,0.0,0.15000000000000002,2
1142,0,1,0,1,0.0,0.05,2
1143,1,1,2,1,0.13793103448275862,0.05,1
1144,0,0,0,0,0.0,0.0,0
1145,1,0,1,0,0.06896551724137931,0.0,1
1146,1,0,1,0,0.06896551724137931,0.0,1
1147,0,0,0,0,0.0,0.0,0
1148,1,0,3,0,0.13793103448275862,0.0,1
1149,0,1,0,2,0.0,0.15000000000000002,2
1150,0,1,0,1,0.0,0.05,2
1151,0,1,0,2,0.0,0.15000000000000002,2
1152,1,0,1,0,0.06896551724137931,0.0,1
1153,0,0,0,0,0.0,0.0,0
1154,1,0,1,0,0.06896551724137931,0.0,1
1155,0,1,0,2,0.0,0.15000000000000002,2
1156,1,0,2,0,0.13793103448275862,0.0,1
1157,1,0,2,0,0.13793103448275862,0.0,1
1158,1,0,1,0,0.06896551724137931,0.0,1
1159,1,0,1,0,0.06896551724137931,0.0,1
1160,0,1,0,1,0.0,0.05,2
1161,1,0,1,0,0.06896551724137931,0.0,1
1162,1,0,1,0,0.06896551724137931,0.0,1
1163,1,0,1,0,0.06896551724137931,0.0,1
1164,0,0,0,0,0.0,0.0,0
1165,1,0,1,0,0.06896551724137931,0.0,1
1166,1,0,1,0,0.06896551724137931,0.0,1
1167,0,1,0,1,0.0,0.05,2
1168,0,1,0,2,0.0,0.15000000000000002,2
1169,1,1,1,2,0.06896551724137931,0.15000000000000002,2
1170,0,0,0,0,0.0,0.0,0
1171,0,0,0,0,0.0,0.0,0
1172,0,0,0,0,0.0,0.0,0
1173,0,1,0,1,0.0,0.1,2
1174,1,0,2,0,0.10344827586206896,0.0,1
1175,0,0,0,0,0.0,0.0,0
1176,1,1,1,1,0.06896551724137931,0.05,1
1177,0,1,0,1,0.0,0.05,2
1178,0,1,0,1,0.0,0.05,2
1179,1,0,1,0,0.06896551724137931,0.0,1
1180,1,1,1,1,0.06896551724137931,0.05,1
1181,1,0,1,0,0.06896551724137931,0.0,1
1182,1,0,2,0,0.13793103448275862,0.0,1
1183,1,0,1,0,0.06896551724137931,0.0,1
1184,1,0,1,0,0.06896551724137931,0.0,1
1185,1,0,1,0,0.06896551724137931,0.0,1
1186,1,0,1,0,0.06896551724137931,0.0,1
1187,1,1,1,1,0.06896551724137931,0.05,1
1188,0,1,0,1,0.0,0.05,2
1189,0,1,0,1,0.0,0.05,2
1190,0,0,0,0,0.0,0.0,0
1191,0,1,0,2,0.0,0.15000000000000002,2
1192,1,1,1,1,0.06896551724137931,0.05,1
1193,0,0,0,0,0.0,0.0,0
1194,0,1,0,1,0.0,0.05,2
1195,1,0,1,0,0.06896551724137931,0.0,1
1196,0,1,0,1,0.0,0.05,2
1197,1,1,1,2,0.06896551724137931,0.15000000000000002,2
1198,0,1,0,1,0.0,0.05,2
1199,0,0,0,0,0.0,0.0,0
1200,0,1,0,1,0.0,0.05,2
1201,1,0,1,0,0.06896551724137931,0.0,1
1202,0,0,0,0,0.0,0.0,0
1203,1,0,1,0,0.06896551724137931,0.0,1
1204,0,0,0,0,0.0,0.0,0
1205,1,0,1,0,0.06896551724137931,0.0,1
1206,0,1,0,1,0.0,0.05,2
1207,1,1,1,1,0.06896551724137931,0.05,1
1208,1,0,1,0,0.06896551724137931,0.0,1
1209,1,0,2,0,0.13793103448275862,0.0,1
1210,1,1,1,1,0.06896551724137931,0.05,1
1211,0,1,0,1,0.0,0.05,2
1212,1,1,1,1,0.06896551724137931,0.05,1
1213,1,0,1,0,0.06896551724137931,0.0,1
1214,1,0,1,0,0.06896551724137931,0.0,1
1215,1,0,1,0,0.06896551724137931,0.0,1
1216,1,1,1,1,0.06896551724137931,0.05,1
1217,1,1,2,1,0.13793103448275862,0.05,1
1218,0,1,0,1,0.0,0.05,2
1219,0,0,0,0,0.0,0.0,0
1220,1,0,1,0,0.06896551724137931,0.0,1
1221,1,1,1,1,0.06896551724137931,0.05,1
1222,0,1,0,1,0.0,0.05,2
1223,0,1,0,2,0.0,0.15000000000000002,2
1224,0,1,0,2,0.0,0.15000000000000002,2
1225,1,1,1,1,0.06896551724137931,0.05,1
1226,0,1,0,1,0.0,0.05,2
1227,0,1,0,1,0.0,0.1,2
1228,0,1,0,1,0.0,0.05,2
1229,1,1,2,1,0.13793103448275862,0.05,1
1230,0,1,0,1,0.0,0.05,2
1231,1,1,2,1,0.13793103448275862,0.05,1
1232,1,0,1,0,0.06896551724137931,0.0,1
1233,0,1,0,2,0.0,0.15000000000000002,2
1234,1,0,1,0,0.06896551724137931,0.0,1
1235,0,0,0,0,0.0,0.0,0
1236,0,1,0,1,0.0,0.05,2
1237,0,1,0,1,0.0,0.05,2
1238,0,1,0,2,0.0,0.15000000000000002,2
1239,0,1,0,1,0.0,0.05,2
1240,0,1,0,1,0.0,0.05,2
1241,0,1,0,1,0.0,0.05,2
1242,0,1,0,1,0.0,0.05,2
1243,0,1,0,1,0.0,0.05,2
1244,1,0,1,0,0.06896551724137931,0.0,1
1245,0,1,0,1,0.0,0.05,2
1246,0,1,0,1,0.0,0.05,2
1247,1,1,1,1,0.06896551724137931,0.05,1
1248,1,1,1,2,0.06896551724137931,0.15000000000000002,2
1249,0,1,0,2,0.0,0.15000000000000002,2
1250,1,1,1,1,0.06896551724137931,0.05,1
1251,1,0,1,0,0.06896551724137931,0.0,1
1252,0,1,0,1,0.0,0.05,2
1253,1,0,1,0,0.06896551724137931,0.0,1
1254,1,1,1,1,0.06896551724137931,0.05,1
1255,0,1,0,1,0.0,0.05,2
1256,1,1,1,1,0.06896551724137931,0.05,1
1257,1,1,1,2,0.06896551724137931,0.15000000000000002,2
1258,0,1,0,1,0.0,0.05,2
1259,0,1,0,1,0.0,0.05,2
1260,1,0,1,0,0.06896551724137931,0.0,1
1261,0,1,0,1,0.0,0.05,2
1262,0,0,0,0,0.0,0.0,0
1263,0,0,0,0,0.0,0.0,0
1264,1,1,1,1,0.06896551724137931,0.05,1
1265,0,1,0,1,0.0,0.05,2
1266,1,1,2,1,0.10344827586206896,0.05,1
1267,0,1,0,1,0.0,0.05,2
1268,0,0,0,0,0.0,0.0,0
1269,0,1,0,2,0.0,0.15000000000000002,2
1270,0,0,0,0,0.0,0.0,0
1271,1,1,1,1,0.06896551724137931,0.05,1
1272,1,0,1,0,0.06896551724137931,0.0,1
1273,1,1,1,1,0.06896551724137931,0.05,1
1274,0,0,0,0,0.0,0.0,0
1275,0,1,0,1,0.0,0.1,2
1276,1,0,1,0,0.06896551724137931,0.0,1
1277,1,1,1,1,0.06896551724137931,0.05,1
1278,0,0,0,0,0.0,0.0,0
1279,1,1,1,1,0.06896551724137931,0.05,1
1280,1,1,2,1,0.10344827586206896,0.05,1
1281,1,1,1,1,0.06896551724137931,0.05,1
1282,1,0,1,0,0.06896551724137931,0.0,1
1283,0,1,0,1,0.0,0.05,2
1284,0,1,0,1,0.0,0.05,2
1285,0,1,0,1,0.0,0.05,2
1286,0,1,0,2,0.0,0.15000000000000002,2
1287,0,1,0,2,0.0,0.15000000000000002,2
1288,0,0,0,0,0.0,0.0,0
1289,1,1,1,1,0.06896551724137931,0.05,1
1290,1,1,1,1,0.06896551724137931,0.05,1
1291,1,0,1,0,0.06896551724137931,0.0,1
1292,0,1,0,2,0.0,0.15000000000000002,2
1293,0,1,0,3,0.0,0.25,2
1294,0,1,0,1,0.0,0.05,2
1295,1,0,1,0,0.06896551724137931,0.0,1
1296,1,0,1,0,0.06896551724137931,0.0,1
1297,1,1,2,1,0.13793103448275862,0.05,1
1298,0,1,0,1,0.0,0.05,2
1299,0,0,0,0,0.0,0.0,0
1300,1,1,1,1,0.06896551724137931,0.05,1
1301,0,1,0,1,0.0,0.05,2
1302,1,1,1,1,0.06896551724137931,0.05,1
1303,1,0,1,0,0.06896551724137931,0.0,1
1304,1,0,1,0,0.06896551724137931,0.0,1
1305,0,1,0,1,0.0,0.05,2
1306,0,1,0,2,0.0,0.15000000000000002,2
1307,1,0,1,0,0.06896551724137931,0.0,1
1308,1,0,1,0,0.06896551724137931,0.0,1
1309,0,1,0,1,0.0,0.05,2
1310,0,1,0,2,0.0,0.15000000000000002,2
1311,0,1,0,1,0.0,0.05,2
1312,0,1,0,1,0.0,0.05,2
1313,1,0,1,0,0.06896551724137931,0.0,1
1314,1,1,2,1,0.10344827586206896,0.05,1
1315,1,1,1,1,0.034482758620689655,0.05,2
1316,1,1,1,1,0.06896551724137931,0.05,1
1317,0,0,0,0,0.0,0.0,0
1318,1,1,1,1,0.06896551724137931,0.05,1
1319,1,0,2,0,0.13793103448275862,0.0,1
1320,0,1,0,1,0.0,0.05,2
1321,0,1,0,1,0.0,0.05,2
1322,1,1,1,1,0.06896551724137931,0.05,1
1323,1,0,1,0,0.06896551724137931,0.0,1
1324,1,1,1,1,0.06896551724137931,0.05,1
1325,1,0,1,0,0.06896551724137931,0.0,1
1326,0,1,0,1,0.0,0.05,2
1327,1,0,1,0,0.06896551724137931,0.0,1
1328,1,0,1,0,0.06896551724137931,0.0,1
1329,1,0,2,0,0.10344827586206896,0.0,1
1330,1,0,1,0,0.06896551724137931,0.0,1
1331,1,1,1,1,0.06896551724137931,0.05,1
1332,0,1,0,2,0.0,0.15000000000000002,2
1333,1,0,1,0,0.06896551724137931,0.0,1
1334,1,1,1,2,0.034482758620689655,0.15000000000000002,2
1335,1,1,1,2,0.06896551724137931,0.15000000000000002,2
1336,1,0,1,0,0.06896551724137931,0.0,1
1337,0,1,0,1,0.0,0.05,2
1338,1,0,1,0,0.06896551724137931,0.0,1
1339,1,0,1,0,0.06896551724137931,0.0,1
1340,0,1,0,1,0.0,0.05,2
1341,1,0,1,0,0.06896551724137931,0.0,1
1342,0,1,0,1,0.0,0.05,2
1343,0,0,0,0,0.0,0.0,0
1344,1,1,1,1,0.06896551724137931,0.05,1
1345,1,0,1,0,0.06896551724137931,0.0,1
1346,1,0,1,0,0.06896551724137931,0.0,1
1347,1,1,1,1,0.06896551724137931,0.05,1
1348,0,1,0,3,0.0,0.25,2
1349,0,1,0,3,0.0,0.25,2
1350,1,1,1,1,0.06896551724137931,0.05,1
1351,0,1,0,1,0.0,0.05,2
1352,0,1,0,1,0.0,0.05,2
1353,1,1,2,1,0.13793103448275862,0.05,1
1354,1,0,1,0,0.06896551724137931,0.0,1
1355,1,1,1,1,0.06896551724137931,0.05,1
1356,1,1,1,1,0.06896551724137931,0.05,1
1357,1,1,1,1,0.06896551724137931,0.05,1
1358,0,0,0,0,0.0,0.0,0
1359,0,1,0,1,0.0,0.05,2
1360,1,0,2,0,0.13793103448275862,0.0,1
1361,1,1,1,1,0.06896551724137931,0.05,1
1362,0,0,0,0,0.0,0.0,0
1363,0,0,0,0,0.0,0.0,0
1364,0,1,0,1,0.0,0.05,2
1365,0,0,0,0,0.0,0.0,0
1366,0,0,0,0,0.0,0.0,0
1367,1,0,1,0,0.06896551724137931,0.0,1
1368,0,1,0,4,0.0,0.35,2
1369,0,0,0,0,0.0,0.0,0
1370,0,1,0,3,0.0,0.25,2
1371,1,0,1,0,0.06896551724137931,0.0,1
1372,1,0,2,0,0.13793103448275862,0.0,1
1373,0,0,0,0,0.0,0.0,0
1374,1,1,1,2,0.06896551724137931,0.15000000000000002,2
1375,1,1,1,1,0.06896551724137931,0.05,1
1376,1,0,1,0,0.06896551724137931,0.0,1
1377,1,1,1,1,0.06896551724137931,0.05,1
1378,0,1,0,2,0.0,0.15000000000000002,2
1379,1,1,1,1,0.06896551724137931,0.05,1
1380,0,1,0,1,0.0,0.05,2
1381,0,0,0,0,0.0,0.0,0
1382,0,1,0,1,0.0,0.05,2
1383,1,1,1,1,0.06896551724137931,0.05,1
1384,0,1,0,1,0.0,0.05,2
1385,0,1,0,1,0.0,0.05,2
1386,0,0,0,0,0.0,0.0,0
1387,0,1,0,2,0.0,0.15000000000000002,2
1388,1,0,1,0,0.06896551724137931,0.0,1
1389,1,1,1,1,0.06896551724137931,0.05,1
1390,0,1,0,1,0.0,0.05,2
1391,1,0,1,0,0.06896551724137931,0.0,1
1392,0,0,0,0,0.0,0.0,0
1393,1,1,2,1,0.13793103448275862,0.05,1
1394,0,0,0,0,0.0,0.0,0
1395,1,1,1,1,0.06896551724137931,0.05,1
1396,1,1,1,1,0.06896551724137931,0.05,1
1397,1,0,1,0,0.06896551724137931,0.0,1
1398,0,0,0,0,0.0,0.0,0
1399,0,1,0,2,0.0,0.15000000000000002,2
1400,0,0,0,0,0.0,0.0,0
1401,1,1,2,1,0.13793103448275862,0.05,1
1402,1,0,2,0,0.13793103448275862,0.0,1
1403,1,1,1,1,0.06896551724137931,0.05,1
1404,1,0,1,0,0.06896551724137931,0.0,1
1405,0,1,0,2,0.0,0.15000000000000002,2
1406,0,0,0,0,0.0,0.0,0
1407,0,1,0,3,0.0,0.25,2
1408,0,0,0,0,0.0,0.0,0
1409,0,1,0,1,0.0,0.05,2
1410,1,1,1,2,0.06896551724137931,0.15000000000000002,2
1411,1,1,1,1,0.06896551724137931,0.05,1
1412,1,0,1,0,0.06896551724137931,0.0,1
1413,1,0,1,0,0.06896551724137931,0.0,1
1414,1,1,2,1,0.13793103448275862,0.05,1
1415,1,1,1,1,0.06896551724137931,0.05,1
1416,1,1,1,1,0.06896551724137931,0.05,1
1417,0,1,0,2,0.0,0.15000000000000002,2
1418,1,0,1,0,0.06896551724137931,0.0,1
1419,1,1,1,1,0.06896551724137931,0.05,1
1420,0,1,0,1,0.0,0.05,2
1421,1,1,2,1,0.10344827586206896,0.05,1
1422,1,0,1,0,0.06896551724137931,0.0,1
1423,0,0,0,0,0.0,0.0,0
1424,1,1,1,2,0.06896551724137931,0.15000000000000002,2
1425,0,1,0,1,0.0,0.05,2
1426,0,1,0,1,0.0,0.05,2
1427,0,0,0,0,0.0,0.0,0
1428,1,1,1,1,0.06896551724137931,0.05,1
1429,0,1,0,1,0.0,0.1,2
1430,0,1,0,2,0.0,0.15000000000000002,2
1431,1,1,1,1,0.06896551724137931,0.05,1
1432,0,1,0,1,0.0,0.1,2
1433,1,1,1,2,0.034482758620689655,0.15000000000000002,2
1434,1,0,1,0,0.06896551724137931,0.0,1
1435,1,0,1,0,0.06896551724137931,0.0,1
1436,1,0,1,0,0.06896551724137931,0.0,1
1437,1,1,3,2,0.20689655172413793,0.15000000000000002,1
1438,1,1,1,2,0.06896551724137931,0.15000000000000002,2
1439,1,1,1,1,0.06896551724137931,0.05,1
1440,0,1,0,1,0.0,0.05,2
1441,0,0,0,0,0.0,0.0,0
1442,0,0,0,0,0.0,0.0,0
1443,0,1,0,2,0.0,0.15000000000000002,2
1444,1,1,2,2,0.10344827586206896,0.15000000000000002,2
1445,0,1,0,2,0.0,0.15000000000000002,2
1446,1,1,1,1,0.06896551724137931,0.05,1
1447,1,0,1,0,0.06896551724137931,0.0,1
1448,1,1,1,1,0.06896551724137931,0.05,1
1449,1,1,2,1,0.13793103448275862,0.05,1
1450,1,0,1,0,0.06896551724137931,0.0,1
1451,1,1,1,1,0.06896551724137931,0.05,1
1452,0,0,0,0,0.0,0.0,0
1453,0,0,0,0,0.0,0.0,0
1454,1,0,1,0,0.06896551724137931,0.0,1
1455,0,1,0,2,0.0,0.15000000000000002,2
1456,0,0,0,0,0.0,0.0,0
1457,0,1,0,2,0.0,0.15000000000000002,2
1458,0,1,0,3,0.0,0.25,2
1459,1,0,1,0,0.06896551724137931,0.0,1
1460,1,1,1,1,0.06896551724137931,0.05,1
1461,0,1,0,2,0.0,0.15000000000000002,2
1462,0,1,0,1,0.0,0.05,2
1463,1,1,1,1,0.06896551724137931,0.05,1
1464,0,0,0,0,0.0,0.0,0
1465,0,1,0,2,0.0,0.15000000000000002,2
1466,0,1,0,2,0.0,0.15000000000000002,2
1467,0,1,0,2,0.0,0.15000000000000002,2
1468,0,1,0,1,0.0,0.05,2
1469,1,0,1,0,0.06896551724137931,0.0,1
1470,1,0,2,0,0.13793103448275862,0.0,1
1471,0,1,0,3,0.0,0.25,2
1472,1,0,1,0,0.06896551724137931,0.0,1
1473,0,1,0,3,0.0,0.25,2
1474,0,1,0,1,0.0,0.05,2
1475,1,1,1,1,0.06896551724137931,0.05,1
1476,1,1,2,1,0.13793103448275862,0.05,1
1477,0,0,0,0,0.0,0.0,0
1478,0,1,0,2,0.0,0.15000000000000002,2
1479,0,1,0,1,0.0,0.05,2
1480,0,1,0,1,0.0,0.05,2
1481,0,0,0,0,0.0,0.0,0
1482,0,1,0,1,0.0,0.05,2
1483,0,1,0,1,0.0,0.05,2
1484,1,1,1,2,0.06896551724137931,0.15000000000000002,2
1485,1,1,1,2,0.034482758620689655,0.15000000000000002,2
1486,0,1,0,2,0.0,0.15000000000000002,2
1487,1,1,1,1,0.06896551724137931,0.05,1
1488,1,1,1,1,0.06896551724137931,0.05,1
1489,0,1,0,1,0.0,0.05,2
1490,0,1,0,1,0.0,0.05,2
1491,0,1,0,1,0.0,0.05,2
1492,0,1,0,1,0.0,0.05,2
1493,0,1,0,1,0.0,0.05,2
1494,0,1,0,1,0.0,0.05,2
1495,1,1,1,1,0.06896551724137931,0.05,1
1496,1,1,1,1,0.06896551724137931,0.05,1
1497,0,1,0,1,0.0,0.05,2
1498,1,1,1,2,0.06896551724137931,0.15000000000000002,2
1499,1,1,1,1,0.06896551724137931,0.05,1
1500,0,1,0,1,0.0,0.05,2
1501,0,1,0,2,0.0,0.15000000000000002,2
1502,1,1,1,1,0.06896551724137931,0.05,1
1503,0,1,0,2,0.0,0.15000000000000002,2
1504,0,1,0,1,0.0,0.05,2
1505,0,1,0,1,0.0,0.05,2
1506,0,0,0,0,0.0,0.0,0
1507,0,1,0,2,0.0,0.15000000000000002,2
1508,1,1,1,1,0.06896551724137931,0.05,1
1509,0,1,0,2,0.0,0.15000000000000002,2
1510,0,1,0,2,0.0,0.15000000000000002,2
1511,1,1,1,1,0.06896551724137931,0.05,1
1512,1,1,1,1,0.06896551724137931,0.05,1
1513,1,0,1,0,0.06896551724137931,0.0,1
1514,0,1,0,3,0.0,0.25,2
1515,1,0,1,0,0.06896551724137931,0.0,1
1516,0,0,0,0,0.0,0.0,0
1517,0,0,0,0,0.0,0.0,0
1518,0,1,0,1,0.0,0.05,2
1519,0,1,0,2,0.0,0.15000000000000002,2
1520,0,1,0,1,0.0,0.05,2
1521,0,1,0,2,0.0,0.15000000000000002,2
1522,0,1,0,2,0.0,0.15000000000000002,2
1523,0,0,0,0,0.0,0.0,0
1524,0,1,0,2,0.0,0.15000000000000002,2
1525,1,0,1,0,0.06896551724137931,0.0,1
1526,0,1,0,1,0.0,0.05,2
1527,1,1,1,2,0.06896551724137931,0.15000000000000002,2
1528,1,1,1,1,0.06896551724137931,0.05,1
1529,0,1,0,2,0.0,0.15000000000000002,2
1530,1,1,1,2,0.06896551724137931,0.15000000000000002,2
1531,0,1,0,1,0.0,0.05,2
1532,1,1,1,1,0.06896551724137931,0.05,1
1533,0,1,0,2,0.0,0.15000000000000002,2
1534,1,1,2,2,0.13793103448275862,0.15000000000000002,2
1535,1,1,1,3,0.034482758620689655,0.25,2
1536,0,0,0,0,0.0,0.0,0
1537,0,0,0,0,0.0,0.0,0
1538,0,0,0,0,0.0,0.0,0
1539,0,1,0,2,0.0,0.15000000000000002,2
1540,1,1,1,1,0.06896551724137931,0.05,1
1541,0,0,0,0,0.0,0.0,0
1542,0,1,0,1,0.0,0.05,2
1543,1,1,1,2,0.06896551724137931,0.15000000000000002,2
1544,1,0,1,0,0.06896551724137931,0.0,1
1545,0,1,0,2,0.0,0.15000000000000002,2
1546,0,1,0,3,0.0,0.25,2
1547,1,1,1,1,0.06896551724137931,0.05,1
1548,1,1,2,1,0.10344827586206896,0.1,1
1549,1,0,1,0,0.06896551724137931,0.0,1
1550,0,1,0,2,0.0,0.15000000000000002,2
1551,0,1,0,2,0.0,0.15000000000000002,2
1552,0,1,0,3,0.0,0.25,2
1553,0,1,0,2,0.0,0.15000000000000002,2
1554,1,1,1,1,0.06896551724137931,0.05,1
1555,1,1,2,2,0.13793103448275862,0.15000000000000002,2
1556,1,0,1,0,0.06896551724137931,0.0,1
1557,0,1,0,1,0.0,0.05,2
1558,0,1,0,1,0.0,0.05,2
1559,0,0,0,0,0.0,0.0,0
1560,1,1,1,2,0.034482758620689655,0.15000000000000002,2
1561,0,0,0,0,0.0,0.0,0
1562,0,1,0,2,0.0,0.15000000000000002,2
1563,0,1,0,2,0.0,0.15000000000000002,2
1564,0,0,0,0,0.0,0.0,0
1565,1,0,1,0,0.06896551724137931,0.0,1
1566,1,1,3,1,0.1724137931034483,0.05,1
1567,0,1,0,1,0.0,0.05,2
1568,0,1,0,1,0.0,0.05,2
1569,0,1,0,1,0.0,0.05,2
1570,1,1,1,1,0.06896551724137931,0.05,1
1571,1,1,1,2,0.06896551724137931,0.15000000000000002,2
1572,1,1,1,2,0.06896551724137931,0.15000000000000002,2
1573,0,1,0,2,0.0,0.15000000000000002,2
1574,1,0,1,0,0.06896551724137931,0.0,1
1575,0,1,0,2,0.0,0.15000000000000002,2
1576,0,1,0,2,0.0,0.15000000000000002,2
1577,1,1,2,1,0.13793103448275862,0.05,1
1578,1,0,1,0,0.06896551724137931,0.0,1
1579,1,0,1,0,0.06896551724137931,0.0,1
1580,0,1,0,2,0.0,0.15000000000000002,2
1581,0,1,0,1,0.0,0.05,2
1582,1,1,1,1,0.06896551724137931,0.05,1
1583,0,1,0,1,0.0,0.05,2
1584,0,1,0,1,0.0,0.05,2
1585,0,1,0,2,0.0,0.15000000000000002,2
1586,1,0,1,0,0.06896551724137931,0.0,1
1587,1,1,1,2,0.06896551724137931,0.15000000000000002,2
1588,0,1,0,1,0.0,0.05,2
1589,0,1,0,1,0.0,0.05,2
1590,0,1,0,2,0.0,0.15000000000000002,2
1591,0,1,0,1,0.0,0.05,2
1592,1,0,1,0,0.06896551724137931,0.0,1
1593,0,0,0,0,0.0,0.0,0
1594,1,0,1,0,0.06896551724137931,0.0,1
1595,1,1,1,4,0.06896551724137931,0.35,2
1596,1,1,3,1,0.1724137931034483,0.05,1
1597,1,0,1,0,0.06896551724137931,0.0,1
1598,1,1,1,2,0.034482758620689655,0.15000000000000002,2
1599,1,1,1,2,0.06896551724137931,0.15000000000000002,2
1600,1,1,2,1,0.13793103448275862,0.05,1
1601,0,0,0,0,0.0,0.0,0
1602,0,0,0,0,0.0,0.0,0
1603,0,0,0,0,0.0,0.0,0
1604,0,1,0,1,0.0,0.05,2
1605,0,1,0,1,0.0,0.05,2
1606,1,1,1,2,0.06896551724137931,0.15000000000000002,2
1607,1,1,1,1,0.06896551724137931,0.05,1
1608,1,1,1,1,0.06896551724137931,0.05,1
1609,0,1,0,2,0.0,0.15000000000000002,2
1610,1,1,1,1,0.06896551724137931,0.05,1
1611,0,1,0,2,0.0,0.15000000000000002,2
1612,1,1,2,1,0.13793103448275862,0.05,1
1613,0,1,0,2,0.0,0.15000000000000002,2
1614,0,1,0,2,0.0,0.15000000000000002,2
1615,0,1,0,1,0.0,0.05,2
1616,0,0,0,0,0.0,0.0,0
1617,1,1,1,1,0.06896551724137931,0.05,1
1618,1,1,1,1,0.06896551724137931,0.05,1
1619,0,1,0,1,0.0,0.05,2
1620,0,1,0,2,0.0,0.15000000000000002,2
1621,1,1,1,1,0.06896551724137931,0.05,1
1622,1,1,1,1,0.06896551724137931,0.05,1
1623,0,0,0,0,0.0,0.0,0
1624,0,1,0,2,0.0,0.15000000000000002,2
1625,0,1,0,2,0.0,0.15000000000000002,2
1626,1,0,1,0,0.06896551724137931,0.0,1
1627,0,0,0,0,0.0,0.0,0
1628,0,1,0,3,0.0,0.25,2
1629,0,1,0,2,0.0,0.15000000000000002,2
1630,0,1,0,1,0.0,0.05,2
1631,0,1,0,2,0.0,0.15000000000000002,2
1632,1,1,2,2,0.13793103448275862,0.15000000000000002,2
1633,1,1,1,2,0.034482758620689655,0.15000000000000002,2
1634,1,0,2,0,0.13793103448275862,0.0,1
1635,1,1,1,1,0.06896551724137931,0.05,1
1636,1,0,1,0,0.06896551724137931,0.0,1
1637,1,0,1,0,0.06896551724137931,0.0,1
1638,0,1,0,1,0.0,0.05,2
1639,0,1,0,2,0.0,0.15000000000000002,2
1640,0,1,0,2,0.0,0.15000000000000002,2
1641,0,1,0,1,0.0,0.05,2
1642,0,1,0,1,0.0,0.05,2
1643,0,1,0,1,0.0,0.05,2
1644,0,1,0,1,0.0,0.05,2
1645,0,1,0,1,0.0,0.05,2
1646,0,1,0,2,0.0,0.15000000000000002,2
1647,0,1,0,1,0.0,0.05,2
1648,0,1,0,1,0.0,0.05,2
1649,1,0,1,0,0.06896551724137931,0.0,1
1650,0,1,0,1,0.0,0.05,2
1651,1,1,1,1,0.06896551724137931,0.05,1
1652,0,0,0,0,0.0,0.0,0
1653,1,1,1,2,0.06896551724137931,0.15000000000000002,2
1654,1,0,1,0,0.06896551724137931,0.0,1
1655,1,1,2,2,0.13793103448275862,0.15000000000000002,2
1656,0,1,0,2,0.0,0.15000000000000002,2
1657,0,1,0,1,0.0,0.05,2
1658,0,1,0,1,0.0,0.05,2
1659,1,1,1,2,0.06896551724137931,0.15000000000000002,2
1660,0,1,0,2,0.0,0.15000000000000002,2
1661,0,1,0,1,0.0,0.05,2
1662,1,1,1,1,0.06896551724137931,0.05,1
1663,1,0,2,0,0.10344827586206896,0.0,1
1664,0,1,0,1,0.0,0.05,2
1665,1,1,1,1,0.06896551724137931,0.05,1
1666,0,1,0,1,0.0,0.05,2
1667,1,0,1,0,0.06896551724137931,0.0,1
1668,0,1,0,2,0.0,0.15000000000000002,2
1669,1,1,1,1,0.06896551724137931,0.05,1
1670,0,1,0,1,0.0,0.05,2
1671,1,1,1,2,0.034482758620689655,0.15000000000000002,2
1672,0,1,0,2,0.0,0.15000000000000002,2
1673,0,1,0,2,0.0,0.15000000000000002,2
1674,1,1,1,2,0.06896551724137931,0.15000000000000002,2
1675,0,1,0,1,0.0,0.05,2
1676,0,1,0,1,0.0,0.05,2
1677,1,1,1,1,0.06896551724137931,0.05,1
1678,1,1,1,1,0.06896551724137931,0.05,1
1679,0,1,0,1,0.0,0.05,2
1680,0,0,0,0,0.0,0.0,0
1681,1,1,1,1,0.06896551724137931,0.05,1
1682,1,1,2,1,0.13793103448275862,0.05,1
1683,0,1,0,1,0.0,0.05,2
1684,1,0,1,0,0.06896551724137931,0.0,1
1685,0,1,0,1,0.0,0.05,2
1686,1,0,1,0,0.06896551724137931,0.0,1
1687,0,1,0,1,0.0,0.05,2
1688,1,0,2,0,0.13793103448275862,0.0,1
1689,0,0,0,0,0.0,0.0,0
1690,0,1,0,2,0.0,0.15000000000000002,2
1691,0,1,0,1,0.0,0.05,2
1692,1,0,1,0,0.06896551724137931,0.0,1
1693,0,1,0,1,0.0,0.05,2
1694,1,1,1,1,0.06896551724137931,0.05,1
1695,0,1,0,1,0.0,0.05,2
1696,0,0,0,0,0.0,0.0,0
1697,1,1,1,3,0.06896551724137931,0.25,2
1698,1,1,1,1,0.06896551724137931,0.05,1
1699,1,1,1,1,0.06896551724137931,0.05,1
1700,0,0,0,0,0.0,0.0,0
1701,0,1,0,1,0.0,0.05,2
1702,1,1,1,1,0.06896551724137931,0.05,1
1703,1,1,3,1,0.20689655172413793,0.05,1
1704,1,0,1,0,0.06896551724137931,0.0,1
1705,1,1,1,1,0.06896551724137931,0.05,1
1706,1,0,1,0,0.06896551724137931,0.0,1
1707,1,1,1,1,0.06896551724137931,0.05,1
1708,0,1,0,1,0.0,0.05,2
1709,0,0,0,0,0.0,0.0,0
1710,0,1,0,2,0.0,0.15000000000000002,2
1711,1,1,2,1,0.10344827586206896,0.1,1
1712,0,1,0,1,0.0,0.05,2
1713,0,0,0,0,0.0,0.0,0
1714,0,1,0,2,0.0,0.15000000000000002,2
1715,0,0,0,0,0.0,0.0,0
1716,1,1,1,1,0.06896551724137931,0.05,1
1717,1,1,1,1,0.06896551724137931,0.05,1
1718,1,0,1,0,0.06896551724137931,0.0,1
1719,1,1,1,1,0.06896551724137931,0.05,1
1720,1,1,2,1,0.13793103448275862,0.05,1
1721,1,1,1,2,0.06896551724137931,0.15000000000000002,2
1722,1,0,1,0,0.06896551724137931,0.0,1
1723,1,1,3,1,0.1724137931034483,0.05,1
1724,1,0,2,0,0.13793103448275862,0.0,1
1725,0,1,0,1,0.0,0.05,2
1726,1,0,2,0,0.13793103448275862,0.0,1
1727,0,1,0,1,0.0,0.05,2
1728,0,1,0,1,0.0,0.05,2
1729,0,0,0,0,0.0,0.0,0
1730,1,0,1,0,0.06896551724137931,0.0,1
1731,1,1,1,1,0.06896551724137931,0.05,1
1732,0,1,0,1,0.0,0.05,2
1733,0,1,0,1,0.0,0.05,2
1734,0,1,0,1,0.0,0.05,2
1735,0,0,0,0,0.0,0.0,0
1736,1,1,1,1,0.06896551724137931,0.05,1
1737,1,1,2,1,0.13793103448275862,0.05,1
1738,0,1,0,1,0.0,0.1,2
1739,1,0,1,0,0.06896551724137931,0.0,1
1740,0,0,0,0,0.0,0.0,0
1741,0,1,0,1,0.0,0.05,2
1742,0,1,0,1,0.0,0.05,2
1743,1,1,1,1,0.06896551724137931,0.05,1
1744,1,1,1,1,0.06896551724137931,0.05,1
1745,0,0,0,0,0.0,0.0,0
1746,1,1,1,1,0.06896551724137931,0.05,1
1747,0,1,0,3,0.0,0.25,2
1748,1,1,1,1,0.06896551724137931,0.05,1
1749,0,1,0,2,0.0,0.15000000000000002,2
1750,0,1,0,1,0.0,0.05,2
1751,0,1,0,2,0.0,0.15000000000000002,2
1752,0,1,0,1,0.0,0.05,2
1753,0,1,0,1,0.0,0.05,2
1754,0,1,0,1,0.0,0.05,2
1755,0,1,0,1,0.0,0.05,2
1756,0,1,0,1,0.0,0.05,2
1757,0,1,0,1,0.0,0.05,2
1758,1,0,1,0,0.06896551724137931,0.0,1
1759,0,1,0,1,0.0,0.05,2
1760,1,1,1,1,0.06896551724137931,0.05,1
1761,0,1,0,1,0.0,0.05,2
1762,0,1,0,1,0.0,0.05,2
1763,0,0,0,0,0.0,0.0,0
1764,0,1,0,3,0.0,0.25,2
1765,0,1,0,2,0.0,0.15000000000000002,2
1766,1,1,3,3,0.1724137931034483,0.25,2
1767,0,1,0,1,0.0,0.05,2
1768,0,1,0,1,0.0,0.1,2
1769,0,1,0,2,0.0,0.15000000000000002,2
1770,1,1,1,1,0.06896551724137931,0.05,1
1771,1,0,2,0,0.13793103448275862,0.0,1
1772,1,1,1,1,0.06896551724137931,0.05,1
1773,1,1,1,1,0.06896551724137931,0.05,1
1774,1,0,1,0,0.06896551724137931,0.0,1
1775,1,1,1,1,0.06896551724137931,0.05,1
1776,0,1,0,1,0.0,0.1,2
1777,1,1,1,1,0.06896551724137931,0.05,1
1778,0,1,0,2,0.0,0.15000000000000002,2
1779,0,0,0,0,0.0,0.0,0
1780,0,1,0,2,0.0,0.15000000000000002,2
1781,0,1,0,1,0.0,0.05,2
1782,0,1,0,2,0.0,0.15000000000000002,2
1783,0,1,0,1,0.0,0.05,2
1784,0,1,0,2,0.0,0.15000000000000002,2
1785,0,1,0,2,0.0,0.15000000000000002,2
1786,1,1,1,1,0.06896551724137931,0.05,1
1787,0,1,0,1,0.0,0.05,2
1788,1,1,2,1,0.10344827586206896,0.05,1
1789,0,1,0,1,0.0,0.05,2
1790,1,1,1,1,0.06896551724137931,0.05,1
1791,1,1,1,2,0.06896551724137931,0.15000000000000002,2
1792,1,1,1,1,0.06896551724137931,0.05,1
1793,0,0,0,0,0.0,0.0,0
1794,0,1,0,2,0.0,0.15000000000000002,2
1795,1,1,1,1,0.06896551724137931,0.05,1
1796,1,0,1,0,0.06896551724137931,0.0,1
1797,0,1,0,2,0.0,0.15000000000000002,2
1798,1,1,2,1,0.06896551724137931,0.05,1
1799,0,1,0,1,0.0,0.05,2
1800,1,0,2,0,0.13793103448275862,0.0,1
1801,0,1,0,2,0.0,0.15000000000000002,2
1802,0,1,0,2,0.0,0.15000000000000002,2
1803,1,0,2,0,0.13793103448275862,0.0,1
1804,0,1,0,2,0.0,0.15000000000000002,2
1805,1,1,1,1,0.06896551724137931,0.05,1
1806,0,1,0,2,0.0,0.15000000000000002,2
1807,0,1,0,1,0.0,0.05,2
1808,1,1,1,2,0.06896551724137931,0.15000000000000002,2
1809,1,1,1,1,0.06896551724137931,0.05,1
1810,1,1,1,1,0.06896551724137931,0.05,1
1811,1,1,1,2,0.06896551724137931,0.15000000000000002,2
1812,0,1,0,1,0.0,0.1,2
1813,0,1,0,2,0.0,0.15000000000000002,2
1814,1,0,1,0,0.06896551724137931,0.0,1
1815,0,1,0,4,0.0,0.35,2
1816,0,0,0,0,0.0,0.0,0
1817,0,1,0,1,0.0,0.05,2
1818,1,1,1,3,0.06896551724137931,0.25,2
1819,1,1,1,1,0.06896551724137931,0.05,1
1820,0,1,0,1,0.0,0.05,2
1821,0,1,0,2,0.0,0.15000000000000002,2
1822,1,1,2,1,0.13793103448275862,0.05,1
1823,0,1,0,2,0.0,0.15000000000000002,2
1824,1,1,1,2,0.06896551724137931,0.15000000000000002,2
1825,0,1,0,2,0.0,0.15000000000000002,2
1826,0,1,0,2,0.0,0.15000000000000002,2
1827,1,0,1,0,0.06896551724137931,0.0,1
1828,0,1,0,3,0.0,0.25,2
1829,1,1,2,1,0.10344827586206896,0.05,1
1830,1,0,1,0,0.06896551724137931,0.0,1
1831,1,1,1,2,0.034482758620689655,0.15000000000000002,2
1832,0,1,0,1,0.0,0.05,2
1833,1,0,2,0,0.13793103448275862,0.0,1
1834,0,1,0,2,0.0,0.15000000000000002,2
1835,0,1,0,1,0.0,0.05,2
1836,1,1,1,1,0.06896551724137931,0.05,1
1837,1,0,1,0,0.06896551724137931,0.0,1
1838,0,1,0,2,0.0,0.15000000000000002,2
1839,0,1,0,3,0.0,0.25,2
1840,1,1,1,2,0.06896551724137931,0.15000000000000002,2
1841,0,0,0,0,0.0,0.0,0
1842,1,0,1,0,0.06896551724137931,0.0,1
1843,0,1,0,1,0.0,0.1,2
1844,1,1,1,3,0.06896551724137931,0.25,2
1845,1,0,1,0,0.06896551724137931,0.0,1
1846,1,1,1,1,0.06896551724137931,0.05,1
1847,1,1,1,1,0.06896551724137931,0.05,1
1848,1,1,1,1,0.06896551724137931,0.05,1
1849,0,0,0,0,0.0,0.0,0
1850,1,0,1,0,0.06896551724137931,0.0,1
1851,0,1,0,1,0.0,0.1,2
1852,0,0,0,0,0.0,0.0,0
1853,1,1,1,1,0.06896551724137931,0.05,1
1854,1,1,1,2,0.06896551724137931,0.15000000000000002,2
1855,1,0,2,0,0.13793103448275862,0.0,1
1856,0,1,0,2,0.0,0.15000000000000002,2
1857,0,1,0,2,0.0,0.15000000000000002,2
1858,1,0,1,0,0.06896551724137931,0.0,1
1859,1,1,1,1,0.06896551724137931,0.1,2
1860,1,1,1,2,0.06896551724137931,0.15000000000000002,2
1861,1,1,1,1,0.06896551724137931,0.05,1
1862,0,1,0,1,0.0,0.05,2
1863,1,0,1,0,0.06896551724137931,0.0,1
1864,1,1,1,1,0.06896551724137931,0.05,1
1865,0,1,0,2,0.0,0.15000000000000002,2
1866,0,1,0,1,0.0,0.1,2
1867,0,1,0,1,0.0,0.1,2
1868,0,1,0,2,0.0,0.15000000000000002,2
1869,0,1,0,2,0.0,0.15000000000000002,2
1870,0,0,0,0,0.0,0.0,0
1871,1,0,1,0,0.06896551724137931,0.0,1
1872,1,1,3,1,0.20689655172413793,0.05,1
1873,0,1,0,2,0.0,0.15000000000000002,2
1874,0,1,0,1,0.0,0.1,2
1875,1,1,1,1,0.034482758620689655,0.1,2
1876,0,1,0,2,0.0,0.15000000000000002,2
1877,0,1,0,2,0.0,0.15000000000000002,2
1878,1,0,1,0,0.06896551724137931,0.0,1
1879,0,1,0,2,0.0,0.15000000000000002,2
1880,0,1,0,2,0.0,0.2,2
1881,0,1,0,2,0.0,0.15000000000000002,2
1882,0,1,0,3,0.0,0.25,2
1883,1,0,1,0,0.06896551724137931,0.0,1
1884,1,0,1,0,0.06896551724137931,0.0,1
1885,1,0,1,0,0.06896551724137931,0.0,1
1886,0,0,0,0,0.0,0.0,0
1887,0,1,0,1,0.0,0.1,2
1888,0,1,0,2,0.0,0.15000000000000002,2
1889,0,1,0,3,0.0,0.25,2
1890,0,1,0,1,0.0,0.05,2
1891,0,1,0,1,0.0,0.05,2
1892,0,1,0,1,0.0,0.05,2
1893,0,1,0,1,0.0,0.1,2
1894,1,0,1,0,0.06896551724137931,0.0,1
1895,0,1,0,1,0.0,0.1,2
1896,1,1,1,1,0.06896551724137931,0.05,1
1897,0,0,0,0,0.0,0.0,0
1898,1,1,1,3,0.06896551724137931,0.25,2
1899,1,1,1,1,0.06896551724137931,0.05,1
1900,0,1,0,1,0.0,0.1,2
1901,1,1,1,1,0.06896551724137931,0.05,1
1902,0,1,0,1,0.0,0.05,2
1903,1,1,1,1,0.06896551724137931,0.05,1
1904,0,1,0,1,0.0,0.05,2
1905,0,1,0,2,0.0,0.15000000000000002,2
1906,1,1,3,1,0.20689655172413793,0.05,1
1907,1,1,3,2,0.1724137931034483,0.15000000000000002,1
1908,1,1,1,2,0.06896551724137931,0.15000000000000002,2
1909,1,1,1,1,0.06896551724137931,0.05,1
1910,1,1,1,1,0.06896551724137931,0.1,2
1911,1,1,1,1,0.06896551724137931,0.05,1
1912,0,0,0,0,0.0,0.0,0
1913,0,1,0,1,0.0,0.05,2
1914,1,1,1,1,0.06896551724137931,0.05,1
1915,1,1,2,1,0.10344827586206896,0.05,1
1916,0,1,0,1,0.0,0.1,2
1917,0,0,0,0,0.0,0.0,0
1918,1,0,1,0,0.06896551724137931,0.0,1
1919,1,0,1,0,0.06896551724137931,0.0,1
1920,0,0,0,0,0.0,0.0,0
1921,1,1,1,1,0.034482758620689655,0.1,2
1922,1,1,4,1,0.2413793103448276,0.05,1
1923,0,1,0,1,0.0,0.05,2
1924,1,1,1,1,0.06896551724137931,0.05,1
1925,0,1,0,1,0.0,0.05,2
1926,1,1,1,1,0.06896551724137931,0.05,1
1927,0,1,0,1,0.0,0.05,2
1928,1,0,2,0,0.13793103448275862,0.0,1
1929,0,1,0,1,0.0,0.05,2
1930,1,1,1,1,0.06896551724137931,0.1,2
1931,0,1,0,1,0.0,0.1,2
1932,1,1,3,2,0.1724137931034483,0.15000000000000002,1
1933,1,1,1,1,0.06896551724137931,0.05,1
1934,1,1,2,2,0.13793103448275862,0.15000000000000002,2
1935,1,1,1,1,0.06896551724137931,0.05,1
1936,1,1,1,1,0.06896551724137931,0.05,1
1937,0,1,0,2,0.0,0.15000000000000002,2
1938,1,1,1,1,0.06896551724137931,0.05,1
1939,1,0,1,0,0.06896551724137931,0.0,1
1940,1,1,1,1,0.06896551724137931,0.05,1
1941,0,1,0,3,0.0,0.25,2
1942,1,0,1,0,0.06896551724137931,0.0,1
1943,0,1,0,2,0.0,0.15000000000000002,2
1944,0,1,0,1,0.0,0.1,2
1945,1,0,1,0,0.06896551724137931,0.0,1
1946,0,0,0,0,0.0,0.0,0
1947,1,0,1,0,0.06896551724137931,0.0,1
1948,1,1,1,1,0.06896551724137931,0.05,1
1949,1,1,1,1,0.06896551724137931,0.05,1
1950,1,1,1,1,0.06896551724137931,0.05,1
1951,1,0,1,0,0.06896551724137931,0.0,1
1952,1,1,1,2,0.06896551724137931,0.15000000000000002,2
1953,1,1,2,1,0.13793103448275862,0.05,1
1954,0,0,0,0,0.0,0.0,0
1955,0,1,0,1,0.0,0.05,2
1956,1,0,1,0,0.06896551724137931,0.0,1
1957,0,1,0,2,0.0,0.15000000000000002,2
1958,1,1,1,2,0.06896551724137931,0.15000000000000002,2
1959,0,1,0,1,0.0,0.05,2
1960,1,0,2,0,0.13793103448275862,0.0,1
1961,1,0,2,0,0.13793103448275862,0.0,1
1962,1,0,1,0,0.06896551724137931,0.0,1
1963,1,1,1,1,0.06896551724137931,0.05,1
1964,1,0,1,0,0.06896551724137931,0.0,1
1965,0,1,0,1,0.0,0.05,2
1966,0,1,0,1,0.0,0.05,2
1967,1,0,2,0,0.13793103448275862,0.0,1
1968,1,0,1,0,0.06896551724137931,0.0,1
1969,1,1,2,1,0.13793103448275862,0.05,1
1970,1,1,1,1,0.06896551724137931,0.05,1
1971,0,1,0,1,0.0,0.05,2
1972,0,0,0,0,0.0,0.0,0
1973,0,0,0,0,0.0,0.0,0
1974,1,0,1,0,0.034482758620689655,0.0,1
1975,0,1,0,2,0.0,0.15000000000000002,2
1976,1,0,1,0,0.06896551724137931,0.0,1
1977,1,0,1,0,0.06896551724137931,0.0,1
1978,1,1,1,1,0.06896551724137931,0.05,1
1979,1,1,1,1,0.06896551724137931,0.05,1
1980,1,1,1,1,0.06896551724137931,0.05,1
1981,1,1,1,1,0.034482758620689655,0.05,2
1982,1,1,1,2,0.06896551724137931,0.15000000000000002,2
1983,1,0,1,0,0.06896551724137931,0.0,1
1984,1,1,1,1,0.06896551724137931,0.1,2
1985,1,1,1,2,0.06896551724137931,0.15000000000000002,2
1986,1,1,2,1,0.13793103448275862,0.05,1
1987,1,1,1,2,0.06896551724137931,0.15000000000000002,2
1988,0,0,0,0,0.0,0.0,0
1989,1,1,1,1,0.06896551724137931,0.05,1
1990,0,0,0,0,0.0,0.0,0
1991,1,1,2,1,0.13793103448275862,0.05,1
1992,0,1,0,1,0.0,0.1,2
1993,0,1,0,2,0.0,0.15000000000000002,2
1994,1,1,2,1,0.13793103448275862,0.05,1
1995,0,1,0,1,0.0,0.1,2
1996,1,1,1,1,0.06896551724137931,0.05,1
1997,0,0,0,0,0.0,0.0,0
1998,1,0,1,0,0.06896551724137931,0.0,1
1999,1,1,2,1,0.10344827586206896,0.05,1
2000,0,1,0,2,0.0,0.15000000000000002,2
2001,0,1,0,2,0.0,0.15000000000000002,2
2002,1,1,1,1,0.06896551724137931,0.05,1
2003,0,1,0,1,0.0,0.05,2
2004,1,0,2,0,0.13793103448275862,0.0,1
2005,1,0,2,0,0.13793103448275862,0.0,1
2006,0,1,0,1,0.0,0.1,2
2007,1,1,1,1,0.06896551724137931,0.05,1
2008,1,0,2,0,0.13793103448275862,0.0,1
2009,1,0,1,0,0.06896551724137931,0.0,1
2010,0,1,0,3,0.0,0.25,2
2011,1,1,1,1,0.06896551724137931,0.05,1
2012,1,0,2,0,0.13793103448275862,0.0,1
2013,0,1,0,1,0.0,0.05,2
2014,0,0,0,0,0.0,0.0,0
2015,0,0,0,0,0.0,0.0,0
2016,0,0,0,0,0.0,0.0,0
2017,1,1,1,2,0.06896551724137931,0.15000000000000002,2
2018,1,1,1,1,0.06896551724137931,0.05,1
2019,0,1,0,1,0.0,0.05,2
2020,1,0,2,0,0.13793103448275862,0.0,1
2021,0,1,0,1,0.0,0.05,2
2022,1,0,1,0,0.06896551724137931,0.0,1
2023,0,0,0,0,0.0,0.0,0
2024,0,0,0,0,0.0,0.0,0
2025,1,0,1,0,0.06896551724137931,0.0,1
2026,0,1,0,1,0.0,0.1,2
2027,0,0,0,0,0.0,0.0,0
2028,0,0,0,0,0.0,0.0,0
2029,1,1,1,2,0.06896551724137931,0.15000000000000002,2
2030,0,0,0,0,0.0,0.0,0
2031,0,1,0,1,0.0,0.05,2
2032,0,1,0,1,0.0,0.05,2
2033,1,0,2,0,0.13793103448275862,0.0,1
2034,1,0,2,0,0.13793103448275862,0.0,1
2035,1,0,2,0,0.13793103448275862,0.0,1
2036,1,0,2,0,0.10344827586206896,0.0,1
2037,0,0,0,0,0.0,0.0,0
2038,1,1,1,1,0.06896551724137931,0.05,1
2039,0,0,0,0,0.0,0.0,0
2040,0,0,0,0,0.0,0.0,0
2041,1,1,3,1,0.1724137931034483,0.05,1
2042,1,0,1,0,0.06896551724137931,0.0,1
2043,0,0,0,0,0.0,0.0,0
2044,1,0,1,0,0.06896551724137931,0.0,1
2045,1,1,1,1,0.06896551724137931,0.05,1
2046,0,0,0,0,0.0,0.0,0
2047,0,1,0,2,0.0,0.15000000000000002,2
2048,0,1,0,2,0.0,0.15000000000000002,2
2049,0,1,0,1,0.0,0.05,2
2050,1,1,1,1,0.06896551724137931,0.05,1
2051,0,0,0,0,0.0,0.0,0
2052,1,1,1,1,0.06896551724137931,0.05,1
2053,1,0,1,0,0.06896551724137931,0.0,1
2054,1,0,1,0,0.06896551724137931,0.0,1
2055,0,1,0,1,0.0,0.05,2
2056,1,0,1,0,0.06896551724137931,0.0,1
2057,1,1,2,1,0.10344827586206896,0.05,1
2058,0,1,0,2,0.0,0.15000000000000002,2
2059,0,0,0,0,0.0,0.0,0
2060,1,0,1,0,0.06896551724137931,0.0,1
2061,1,1,2,1,0.13793103448275862,0.05,1
2062,1,0,1,0,0.06896551724137931,0.0,1
2063,1,0,2,0,0.13793103448275862,0.0,1
2064,1,0,1,0,0.06896551724137931,0.0,1
2065,1,1,1,1,0.06896551724137931,0.05,1
2066,1,0,1,0,0.06896551724137931,0.0,1
2067,0,0,0,0,0.0,0.0,0
2068,0,1,0,1,0.0,0.05,2
2069,1,0,2,0,0.13793103448275862,0.0,1
2070,0,1,0,1,0.0,0.05,2
2071,1,0,2,0,0.13793103448275862,0.0,1
2072,1,1,1,1,0.06896551724137931,0.05,1
2073,1,0,1,0,0.06896551724137931,0.0,1
2074,1,1,1,1,0.06896551724137931,0.05,1
2075,0,1,0,1,0.0,0.05,2
2076,0,0,0,0,0.0,0.0,0
2077,1,1,1,1,0.06896551724137931,0.05,1
2078,1,0,2,0,0.13793103448275862,0.0,1
2079,1,1,2,1,0.10344827586206896,0.05,1
2080,0,0,0,0,0.0,0.0,0
2081,1,0,1,0,0.06896551724137931,0.0,1
2082,1,0,1,0,0.06896551724137931,0.0,1
2083,0,1,0,1,0.0,0.05,2
2084,0,0,0,0,0.0,0.0,0
2085,1,0,1,0,0.06896551724137931,0.0,1
2086,1,0,1,0,0.06896551724137931,0.0,1
2087,0,1,0,1,0.0,0.05,2
2088,0,1,0,1,0.0,0.05,2
2089,0,1,0,1,0.0,0.05,2
2090,0,1,0,5,0.0,0.35,2
2091,1,0,1,0,0.06896551724137931,0.0,1
2092,0,1,0,2,0.0,0.15000000000000002,2
2093,1,0,1,0,0.06896551724137931,0.0,1
2094,1,1,1,1,0.06896551724137931,0.05,1
2095,1,0,1,0,0.06896551724137931,0.0,1
2096,1,0,1,0,0.034482758620689655,0.0,1
2097,0,1,0,1,0.0,0.05,2
2098,1,0,1,0,0.06896551724137931,0.0,1
2099,1,1,1,1,0.06896551724137931,0.05,1
2100,1,1,1,1,0.06896551724137931,0.05,1
2101,1,1,2,1,0.13793103448275862,0.05,1
2102,1,0,1,0,0.06896551724137931,0.0,1
2103,1,0,1,0,0.06896551724137931,0.0,1
2104,1,0,1,0,0.06896551724137931,0.0,1
2105,1,0,1,0,0.06896551724137931,0.0,1
2106,0,1,0,1,0.0,0.05,2
2107,0,0,0,0,0.0,0.0,0
2108,1,0,2,0,0.10344827586206896,0.0,1
2109,1,0,1,0,0.06896551724137931,0.0,1
2110,1,1,2,1,0.13793103448275862,0.05,1
2111,1,0,1,0,0.06896551724137931,0.0,1
2112,0,0,0,0,0.0,0.0,0
2113,1,1,1,1,0.06896551724137931,0.05,1
2114,0,0,0,0,0.0,0.0,0
2115,0,1,0,2,0.0,0.15000000000000002,2
2116,0,1,0,1,0.0,0.05,2
2117,1,1,1,1,0.06896551724137931,0.05,1
2118,0,0,0,0,0.0,0.0,0
2119,1,0,1,0,0.06896551724137931,0.0,1
2120,1,1,1,2,0.06896551724137931,0.15000000000000002,2
2121,1,0,1,0,0.06896551724137931,0.0,1
2122,0,0,0,0,0.0,0.0,0
2123,1,0,1,0,0.06896551724137931,0.0,1
2124,1,0,1,0,0.06896551724137931,0.0,1
2125,1,0,1,0,0.06896551724137931,0.0,1
2126,1,1,1,1,0.06896551724137931,0.05,1
2127,1,1,1,1,0.06896551724137931,0.05,1
2128,1,0,1,0,0.06896551724137931,0.0,1
2129,1,1,1,1,0.06896551724137931,0.05,1
2130,1,0,1,0,0.06896551724137931,0.0,1
2131,1,1,1,1,0.06896551724137931,0.05,1
2132,1,0,2,0,0.13793103448275862,0.0,1
2133,0,0,0,0,0.0,0.0,0
2134,1,0,1,0,0.06896551724137931,0.0,1
2135,0,0,0,0,0.0,0.0,0
2136,0,1,0,1,0.0,0.05,2
2137,1,0,1,0,0.06896551724137931,0.0,1
2138,0,0,0,0,0.0,0.0,0
2139,0,0,0,0,0.0,0.0,0
2140,1,1,2,1,0.13793103448275862,0.05,1
2141,1,0,1,0,0.06896551724137931,0.0,1
2142,1,1,1,1,0.06896551724137931,0.05,1
2143,0,0,0,0,0.0,0.0,0
2144,0,0,0,0,0.0,0.0,0
2145,0,0,0,0,0.0,0.0,0
2146,0,0,0,0,0.0,0.0,0
2147,0,0,0,0,0.0,0.0,0
2148,0,0,0,0,0.0,0.0,0
2149,1,0,2,0,0.13793103448275862,0.0,1
2150,1,1,1,1,0.06896551724137931,0.05,1
2151,1,1,2,1,0.13793103448275862,0.05,1
2152,1,0,1,0,0.06896551724137931,0.0,1
2153,1,1,1,1,0.06896551724137931,0.05,1
2154,1,0,1,0,0.06896551724137931,0.0,1
2155,0,0,0,0,0.0,0.0,0
2156,1,1,1,1,0.06896551724137931,0.05,1
2157,0,0,0,0,0.0,0.0,0
2158,1,0,1,0,0.06896551724137931,0.0,1
2159,1,1,1,1,0.06896551724137931,0.05,1
2160,1,1,1,1,0.06896551724137931,0.05,1
2161,1,1,2,2,0.13793103448275862,0.15000000000000002,2
2162,1,1,2,1,0.10344827586206896,0.05,1
2163,1,1,1,1,0.06896551724137931,0.1,2
2164,1,0,1,0,0.06896551724137931,0.0,1
2165,1,1,2,1,0.13793103448275862,0.05,1
2166,0,0,0,0,0.0,0.0,0
2167,1,0,1,0,0.06896551724137931,0.0,1
2168,0,0,0,0,0.0,0.0,0
2169,1,1,1,1,0.06896551724137931,0.05,1
2170,1,0,2,0,0.13793103448275862,0.0,1
2171,1,0,2,0,0.13793103448275862,0.0,1
2172,1,1,1,1,0.034482758620689655,0.1,2
2173,0,1,0,1,0.0,0.1,2
2174,1,0,1,0,0.06896551724137931,0.0,1
2175,0,0,0,0,0.0,0.0,0
2176,1,0,1,0,0.06896551724137931,0.0,1
2177,1,0,1,0,0.06896551724137931,0.0,1
2178,0,0,0,0,0.0,0.0,0
2179,1,1,1,1,0.06896551724137931,0.05,1
2180,1,0,1,0,0.06896551724137931,0.0,1
2181,1,0,1,0,0.06896551724137931,0.0,1
2182,1,0,1,0,0.06896551724137931,0.0,1
2183,1,1,1,1,0.06896551724137931,0.05,1
2184,1,0,1,0,0.06896551724137931,0.0,1
2185,1,1,1,1,0.06896551724137931,0.05,1
2186,1,1,1,2,0.034482758620689655,0.2,2
2187,1,0,2,0,0.13793103448275862,0.0,1
2188,1,1,1,2,0.06896551724137931,0.15000000000000002,2
2189,0,0,0,0,0.0,0.0,0
2190,1,0,1,0,0.06896551724137931,0.0,1
2191,1,1,1,1,0.06896551724137931,0.05,1
2192,1,0,1,0,0.06896551724137931,0.0,1
2193,1,1,1,1,0.06896551724137931,0.05,1
2194,0,1,0,1,0.0,0.05,2
2195,1,0,1,0,0.06896551724137931,0.0,1
2196,0,1,0,1,0.0,0.1,2
2197,1,0,1,0,0.06896551724137931,0.0,1
2198,0,1,0,2,0.0,0.15000000000000002,2
2199,1,1,1,1,0.06896551724137931,0.05,1
2200,0,0,0,0,0.0,0.0,0
2201,0,0,0,0,0.0,0.0,0
2202,0,0,0,0,0.0,0.0,0
2203,1,1,2,1,0.13793103448275862,0.05,1
2204,1,1,2,1,0.13793103448275862,0.05,1
2205,1,1,2,1,0.13793103448275862,0.05,1
2206,1,0,1,0,0.06896551724137931,0.0,1
2207,0,0,0,0,0.0,0.0,0
2208,0,0,0,0,0.0,0.0,0
2209,1,1,2,1,0.13793103448275862,0.05,1
2210,1,0,2,0,0.13793103448275862,0.0,1
2211,1,0,1,0,0.06896551724137931,0.0,1
2212,1,0,1,0,0.06896551724137931,0.0,1
2213,0,1,0,1,0.0,0.05,2
2214,1,1,2,1,0.10344827586206896,0.1,1
2215,1,0,1,0,0.06896551724137931,0.0,1
2216,1,0,1,0,0.06896551724137931,0.0,1
2217,1,0,1,0,0.06896551724137931,0.0,1
2218,0,1,0,1,0.0,0.05,2
2219,1,1,1,1,0.06896551724137931,0.05,1
2220,1,0,1,0,0.06896551724137931,0.0,1
2221,1,0,1,0,0.06896551724137931,0.0,1
2222,0,0,0,0,0.0,0.0,0
2223,1,0,1,0,0.06896551724137931,0.0,1
2224,0,0,0,0,0.0,0.0,0
2225,1,1,1,1,0.06896551724137931,0.05,1
2226,0,1,0,1,0.0,0.05,2
2227,1,1,1,1,0.06896551724137931,0.05,1
2228,1,0,1,0,0.06896551724137931,0.0,1
2229,1,0,1,0,0.06896551724137931,0.0,1
2230,1,0,1,0,0.06896551724137931,0.0,1
2231,1,1,1,1,0.06896551724137931,0.05,1
2232,0,1,0,1,0.0,0.05,2
2233,1,1,1,1,0.06896551724137931,0.05,1
2234,0,1,0,1,0.0,0.05,2
2235,0,1,0,1,0.0,0.05,2
2236,1,0,1,0,0.06896551724137931,0.0,1
2237,0,0,0,0,0.0,0.0,0
2238,0,1,0,1,0.0,0.05,2
2239,1,1,1,1,0.06896551724137931,0.05,1
2240,1,1,3,1,0.1724137931034483,0.05,1
2241,1,0,1,0,0.06896551724137931,0.0,1
2242,1,0,1,0,0.06896551724137931,0.0,1
2243,0,0,0,0,0.0,0.0,0
2244,1,1,3,1,0.1724137931034483,0.05,1
2245,1,0,2,0,0.13793103448275862,0.0,1
2246,0,1,0,2,0.0,0.15000000000000002,2
2247,0,1,0,1,0.0,0.05,2
2248,0,0,0,0,0.0,0.0,0
2249,1,1,1,1,0.06896551724137931,0.05,1
2250,0,0,0,0,0.0,0.0,0
2251,1,1,1,1,0.06896551724137931,0.05,1
2252,1,0,1,0,0.06896551724137931,0.0,1
2253,1,0,2,0,0.13793103448275862,0.0,1
2254,1,1,1,1,0.06896551724137931,0.05,1
2255,1,1,1,1,0.06896551724137931,0.05,1
2256,0,0,0,0,0.0,0.0,0
2257,1,0,1,0,0.06896551724137931,0.0,1
2258,1,0,2,0,0.13793103448275862,0.0,1
2259,1,0,1,0,0.06896551724137931,0.0,1
2260,1,0,1,0,0.06896551724137931,0.0,1
2261,1,0,1,0,0.06896551724137931,0.0,1
2262,0,1,0,1,0.0,0.05,2
2263,1,0,1,0,0.06896551724137931,0.0,1
2264,1,0,1,0,0.06896551724137931,0.0,1
2265,0,0,0,0,0.0,0.0,0
2266,1,0,1,0,0.06896551724137931,0.0,1
2267,1,0,1,0,0.06896551724137931,0.0,1
2268,0,0,0,0,0.0,0.0,0
2269,1,1,2,2,0.13793103448275862,0.15000000000000002,2
2270,0,0,0,0,0.0,0.0,0
2271,0,1,0,2,0.0,0.15000000000000002,2
2272,1,1,1,1,0.06896551724137931,0.05,1
2273,0,1,0,1,0.0,0.05,2
2274,1,1,1,1,0.06896551724137931,0.05,1
2275,0,1,0,1,0.0,0.05,2
2276,1,1,1,1,0.06896551724137931,0.05,1
2277,1,0,2,0,0.13793103448275862,0.0,1
2278,1,0,1,0,0.06896551724137931,0.0,1
2279,1,1,1,1,0.06896551724137931,0.05,1
2280,0,0,0,0,0.0,0.0,0
2281,1,0,1,0,0.06896551724137931,0.0,1
2282,1,0,2,0,0.13793103448275862,0.0,1
2283,1,1,1,1,0.06896551724137931,0.05,1
2284,0,1,0,3,0.0,0.25,2
2285,1,1,2,1,0.13793103448275862,0.05,1
2286,0,1,0,1,0.0,0.05,2
2287,0,1,0,2,0.0,0.15000000000000002,2
2288,1,1,1,1,0.06896551724137931,0.05,1
2289,1,1,1,1,0.06896551724137931,0.05,1
2290,0,0,0,0,0.0,0.0,0
2291,1,0,1,0,0.06896551724137931,0.0,1
2292,0,0,0,0,0.0,0.0,0
2293,0,0,0,0,0.0,0.0,0
2294,0,0,0,0,0.0,0.0,0
2295,1,1,2,1,0.13793103448275862,0.05,1
2296,1,0,1,0,0.06896551724137931,0.0,1
2297,1,1,1,1,0.06896551724137931,0.05,1
2298,1,0,1,0,0.06896551724137931,0.0,1
2299,1,0,1,0,0.06896551724137931,0.0,1
2300,1,0,2,0,0.13793103448275862,0.0,1
2301,1,0,1,0,0.06896551724137931,0.0,1
2302,1,0,1,0,0.06896551724137931,0.0,1
2303,0,1,0,1,0.0,0.05,2
2304,1,1,1,1,0.06896551724137931,0.05,1
2305,0,0,0,0,0.0,0.0,0
2306,1,0,1,0,0.06896551724137931,0.0,1
2307,1,1,1,2,0.06896551724137931,0.15000000000000002,2
2308,1,1,4,1,0.27586206896551724,0.05,1
2309,1,0,1,0,0.06896551724137931,0.0,1
2310,1,0,1,0,0.06896551724137931,0.0,1
2311,1,1,1,1,0.06896551724137931,0.05,1
2312,0,0,0,0,0.0,0.0,0
2313,1,1,1,1,0.06896551724137931,0.05,1
2314,0,0,0,0,0.0,0.0,0
2315,0,0,0,0,0.0,0.0,0
