index,Error_flag,Violation_flag,Error_related_hits,Violation_related_hits,Dropped_both,y3
1,0,1,0,2,0,2
2,0,1,0,2,0,2
3,0,1,0,2,0,2
4,0,1,0,2,0,2
5,0,1,0,2,0,2
6,0,1,0,2,0,2
7,0,1,0,2,0,2
8,0,1,0,2,0,2
9,0,1,0,2,0,2
10,0,1,0,2,0,2
11,0,1,0,2,0,2
12,0,1,0,2,0,2
13,0,1,0,2,0,2
14,0,1,0,2,0,2
15,0,1,0,2,0,2
16,0,1,0,2,0,2
17,0,1,0,2,0,2
18,0,1,0,2,0,2
19,0,1,0,2,0,2
20,0,1,0,2,0,2
21,0,1,0,2,0,2
22,0,1,0,2,0,2
23,0,1,0,2,0,2
24,0,1,0,2,0,2
25,0,1,0,2,0,2
26,0,1,0,2,0,2
27,0,1,0,2,0,2
28,0,1,0,2,0,2
29,0,1,0,2,0,2
30,0,1,0,2,0,2
31,0,1,0,2,0,2
32,0,1,0,2,0,2
33,0,1,0,2,0,2
34,0,1,0,2,0,2
35,0,1,0,2,0,2
36,0,1,0,2,0,2
37,0,1,0,2,0,2
38,0,1,0,3,0,2
40,0,1,0,2,0,2
41,0,1,0,2,0,2
43,0,1,0,2,0,2
44,0,1,0,2,0,2
45,0,1,0,2,0,2
46,0,1,0,2,0,2
47,0,1,0,2,0,2
48,0,1,0,2,0,2
49,0,1,0,2,0,2
50,0,1,0,2,0,2
51,0,1,0,2,0,2
52,0,1,0,2,0,2
53,0,1,0,2,0,2
54,0,1,0,2,0,2
55,0,1,0,2,0,2
56,0,1,0,2,0,2
57,0,1,0,2,0,2
58,0,1,0,2,0,2
59,0,1,0,2,0,2
60,0,1,0,2,0,2
61,0,1,0,2,0,2
62,0,1,0,3,0,2
63,0,1,0,3,0,2
64,0,1,0,2,0,2
65,0,1,0,2,0,2
66,0,1,0,2,0,2
67,0,1,0,2,0,2
68,0,1,0,2,0,2
69,0,1,0,2,0,2
70,0,1,0,2,0,2
71,0,1,0,2,0,2
72,0,1,0,2,0,2
73,0,1,0,2,0,2
74,0,1,0,2,0,2
75,0,1,0,2,0,2
76,0,1,0,2,0,2
77,0,1,0,2,0,2
78,0,1,0,2,0,2
79,0,1,0,2,0,2
80,0,1,0,2,0,2
81,0,1,0,2,0,2
82,0,1,0,2,0,2
83,0,1,0,2,0,2
84,0,1,0,2,0,2
85,0,1,0,2,0,2
86,0,1,0,2,0,2
87,0,1,0,2,0,2
88,0,1,0,2,0,2
89,0,1,0,2,0,2
90,0,1,0,2,0,2
91,0,1,0,1,0,2
92,0,1,0,2,0,2
93,0,1,0,2,0,2
94,0,1,0,2,0,2
95,0,1,0,2,0,2
96,0,1,0,2,0,2
97,0,1,0,2,0,2
98,0,1,0,2,0,2
99,0,1,0,2,0,2
100,0,1,0,2,0,2
101,0,1,0,2,0,2
102,0,1,0,2,0,2
103,0,1,0,2,0,2
104,0,1,0,2,0,2
105,0,1,0,2,0,2
106,0,1,0,2,0,2
107,0,1,0,1,0,2
108,0,1,0,2,0,2
109,0,1,0,2,0,2
110,0,1,0,2,0,2
111,0,1,0,2,0,2
112,0,1,0,2,0,2
114,0,1,0,2,0,2
115,0,1,0,2,0,2
116,0,1,0,2,0,2
117,0,1,0,2,0,2
118,0,1,0,2,0,2
119,0,1,0,2,0,2
120,0,1,0,2,0,2
121,0,1,0,2,0,2
122,0,1,0,1,0,2
123,0,1,0,2,0,2
124,0,1,0,2,0,2
125,0,1,0,2,0,2
126,0,1,0,2,0,2
127,0,1,0,2,0,2
128,0,1,0,2,0,2
130,0,1,0,2,0,2
131,0,1,0,3,0,2
132,0,1,0,2,0,2
134,0,1,0,2,0,2
135,0,1,0,2,0,2
136,0,1,0,2,0,2
137,0,1,0,2,0,2
138,0,1,0,2,0,2
139,0,1,0,2,0,2
140,0,1,0,2,0,2
141,0,1,0,2,0,2
143,0,1,0,2,0,2
144,0,1,0,2,0,2
145,0,1,0,2,0,2
146,0,1,0,2,0,2
147,0,1,0,2,0,2
148,0,1,0,1,0,2
149,0,1,0,2,0,2
150,0,1,0,2,0,2
151,0,1,0,2,0,2
152,0,1,0,2,0,2
153,0,1,0,2,0,2
154,0,1,0,1,0,2
155,0,1,0,2,0,2
156,0,1,0,2,0,2
157,0,1,0,2,0,2
158,0,1,0,2,0,2
159,0,1,0,2,0,2
160,0,1,0,2,0,2
161,0,1,0,2,0,2
162,0,1,0,2,0,2
163,0,1,0,2,0,2
164,0,1,0,3,0,2
165,0,1,0,1,0,2
166,0,1,0,3,0,2
167,0,1,0,2,0,2
168,0,1,0,2,0,2
169,1,0,1,0,0,1
170,0,1,0,2,0,2
172,0,1,0,2,0,2
173,0,1,0,2,0,2
174,0,1,0,2,0,2
175,0,1,0,2,0,2
176,0,1,0,2,0,2
177,0,1,0,2,0,2
178,0,1,0,2,0,2
180,0,1,0,2,0,2
181,0,1,0,2,0,2
182,0,1,0,2,0,2
183,0,1,0,2,0,2
185,0,1,0,2,0,2
186,0,1,0,2,0,2
188,0,1,0,2,0,2
189,0,1,0,2,0,2
190,0,1,0,3,0,2
192,0,1,0,2,0,2
193,0,1,0,2,0,2
194,0,1,0,2,0,2
195,0,1,0,2,0,2
196,0,1,0,2,0,2
197,0,1,0,2,0,2
198,0,1,0,2,0,2
199,0,1,0,2,0,2
200,0,1,0,2,0,2
201,0,1,0,2,0,2
202,0,1,0,2,0,2
203,0,1,0,2,0,2
204,0,1,0,2,0,2
205,0,1,0,2,0,2
206,0,1,0,2,0,2
208,0,1,0,2,0,2
209,0,1,0,2,0,2
210,0,1,0,2,0,2
212,0,1,0,2,0,2
213,0,1,0,1,0,2
214,0,1,0,2,0,2
215,0,1,0,2,0,2
216,0,1,0,2,0,2
217,0,1,0,3,0,2
218,0,1,0,2,0,2
219,0,1,0,2,0,2
220,0,1,0,2,0,2
221,0,1,0,2,0,2
222,0,1,0,2,0,2
223,0,1,0,2,0,2
225,0,1,0,2,0,2
226,0,1,0,2,0,2
227,0,1,0,2,0,2
228,0,1,0,2,0,2
229,0,1,0,2,0,2
230,0,1,0,2,0,2
231,0,1,0,2,0,2
232,0,1,0,2,0,2
233,0,1,0,2,0,2
234,0,1,0,2,0,2
235,0,1,0,2,0,2
236,0,1,0,2,0,2
237,0,1,0,2,0,2
238,0,1,0,2,0,2
239,0,1,0,1,0,2
240,0,1,0,2,0,2
241,0,1,0,2,0,2
242,0,1,0,2,0,2
243,0,1,0,2,0,2
244,0,1,0,2,0,2
246,0,1,0,2,0,2
247,0,1,0,2,0,2
249,0,1,0,2,0,2
251,0,1,0,2,0,2
252,0,1,0,2,0,2
253,0,1,0,1,0,2
254,0,1,0,1,0,2
255,0,1,0,2,0,2
256,0,1,0,1,0,2
257,0,1,0,2,0,2
258,0,1,0,2,0,2
259,0,1,0,2,0,2
260,0,1,0,2,0,2
262,0,1,0,2,0,2
263,0,1,0,2,0,2
266,0,1,0,2,0,2
267,0,1,0,2,0,2
268,0,1,0,1,0,2
269,0,1,0,3,0,2
270,0,1,0,3,0,2
271,0,1,0,2,0,2
272,0,1,0,1,0,2
275,0,1,0,2,0,2
276,0,1,0,2,0,2
277,0,1,0,2,0,2
278,0,1,0,3,0,2
279,0,1,0,2,0,2
280,0,1,0,2,0,2
281,0,1,0,2,0,2
282,0,1,0,2,0,2
283,0,1,0,2,0,2
284,0,1,0,2,0,2
285,0,1,0,2,0,2
286,0,1,0,2,0,2
287,0,1,0,2,0,2
288,0,1,0,2,0,2
289,1,0,1,0,0,1
290,0,1,0,2,0,2
291,0,1,0,2,0,2
292,0,1,0,2,0,2
293,0,1,0,2,0,2
295,0,1,0,2,0,2
296,0,1,0,1,0,2
297,0,1,0,2,0,2
298,0,1,0,2,0,2
299,0,1,0,2,0,2
303,0,1,0,2,0,2
304,0,1,0,2,0,2
305,0,1,0,1,0,2
307,0,1,0,2,0,2
308,0,1,0,2,0,2
309,0,1,0,1,0,2
310,0,1,0,2,0,2
312,1,0,1,0,0,1
313,1,0,1,0,0,1
317,0,1,0,1,0,2
319,1,0,1,0,0,1
321,1,0,1,0,0,1
323,1,0,1,0,0,1
325,1,0,1,0,0,1
326,0,1,0,1,0,2
328,0,1,0,1,0,2
329,0,1,0,3,0,2
330,0,1,0,1,0,2
336,0,1,0,2,0,2
337,0,1,0,1,0,2
339,0,1,0,2,0,2
340,1,0,1,0,0,1
341,0,1,0,1,0,2
342,1,0,1,0,0,1
343,1,0,1,0,0,1
351,1,0,1,0,0,1
352,0,1,0,2,0,2
353,1,0,1,0,0,1
354,0,1,0,2,0,2
355,1,0,1,0,0,1
356,0,1,0,1,0,2
357,1,0,1,0,0,1
358,0,1,0,2,0,2
359,1,0,1,0,0,1
361,1,0,1,0,0,1
362,1,0,2,0,0,1
364,1,0,1,0,0,1
365,0,1,0,1,0,2
366,1,0,1,0,0,1
367,0,1,0,2,0,2
368,0,1,0,2,0,2
371,1,0,1,0,0,1
372,0,1,0,1,0,2
373,0,1,0,1,0,2
376,1,0,1,0,0,1
378,1,0,1,0,0,1
380,1,0,2,0,0,1
382,1,0,1,0,0,1
385,0,1,0,1,0,2
388,0,1,0,1,0,2
389,1,0,1,0,0,1
394,0,1,0,2,0,2
395,1,0,1,0,0,1
397,1,0,1,0,0,1
398,0,1,0,1,0,2
401,1,0,1,0,0,1
402,0,1,0,2,0,2
406,1,0,1,0,0,1
407,0,1,0,1,0,2
408,1,0,1,0,0,1
410,0,1,0,2,0,2
412,1,0,1,0,0,1
415,0,1,0,1,0,2
416,1,0,1,0,0,1
418,1,0,1,0,0,1
422,1,0,1,0,0,1
423,1,0,1,0,0,1
424,1,0,1,0,0,1
425,1,0,1,0,0,1
426,1,0,1,0,0,1
427,0,1,0,1,0,2
430,0,1,0,2,0,2
431,1,0,1,0,0,1
433,0,1,0,1,0,2
435,1,0,1,0,0,1
437,1,0,1,0,0,1
439,1,0,1,0,0,1
441,1,0,1,0,0,1
443,1,0,1,0,0,1
445,1,0,1,0,0,1
446,0,1,0,1,0,2
447,0,1,0,1,0,2
449,1,0,1,0,0,1
450,1,0,1,0,0,1
451,1,0,1,0,0,1
453,0,1,0,1,0,2
455,1,0,1,0,0,1
457,0,1,0,1,0,2
460,1,0,1,0,0,1
462,1,0,1,0,0,1
463,0,1,0,2,0,2
465,0,1,0,2,0,2
466,1,0,1,0,0,1
469,1,0,1,0,0,1
472,0,1,0,1,0,2
473,0,1,0,1,0,2
477,0,1,0,1,0,2
479,1,0,1,0,0,1
480,1,0,1,0,0,1
482,0,1,0,1,0,2
483,1,0,1,0,0,1
487,1,0,1,0,0,1
488,0,1,0,1,0,2
489,0,1,0,1,0,2
490,1,0,1,0,0,1
491,0,1,0,1,0,2
492,1,0,2,0,0,1
493,0,1,0,1,0,2
494,0,1,0,2,0,2
495,0,1,0,1,0,2
496,1,0,1,0,0,1
497,0,1,0,1,0,2
498,1,0,1,0,0,1
500,1,0,1,0,0,1
501,0,1,0,1,0,2
502,1,0,1,0,0,1
506,0,1,0,1,0,2
507,1,0,1,0,0,1
509,0,1,0,2,0,2
510,0,1,0,1,0,2
511,0,1,0,1,0,2
515,1,0,1,0,0,1
517,0,1,0,2,0,2
521,0,1,0,1,0,2
522,1,0,1,0,0,1
523,1,0,1,0,0,1
524,1,0,1,0,0,1
526,1,0,1,0,0,1
527,0,1,0,2,0,2
528,0,1,0,1,0,2
529,0,1,0,1,0,2
530,0,1,0,1,0,2
531,0,1,0,2,0,2
533,1,0,1,0,0,1
534,1,0,1,0,0,1
535,1,0,1,0,0,1
536,0,1,0,1,0,2
537,0,1,0,1,0,2
538,1,0,1,0,0,1
543,1,0,1,0,0,1
544,0,1,0,1,0,2
545,0,1,0,1,0,2
546,1,0,1,0,0,1
547,0,1,0,1,0,2
548,0,1,0,1,0,2
549,0,1,0,1,0,2
551,1,0,1,0,0,1
552,1,0,1,0,0,1
553,0,1,0,1,0,2
555,1,0,1,0,0,1
556,0,1,0,1,0,2
558,1,0,1,0,0,1
561,0,1,0,1,0,2
562,1,0,1,0,0,1
564,1,0,1,0,0,1
567,1,0,1,0,0,1
568,0,1,0,1,0,2
569,1,0,1,0,0,1
570,0,1,0,2,0,2
571,1,0,1,0,0,1
572,1,0,1,0,0,1
575,0,1,0,1,0,2
577,1,0,1,0,0,1
578,0,1,0,1,0,2
581,1,0,1,0,0,1
582,1,0,1,0,0,1
583,0,1,0,1,0,2
584,0,1,0,2,0,2
585,0,1,0,2,0,2
586,0,1,0,1,0,2
588,0,1,0,1,0,2
589,0,1,0,2,0,2
594,1,0,1,0,0,1
596,0,1,0,1,0,2
597,0,1,0,1,0,2
599,0,1,0,1,0,2
600,1,0,1,0,0,1
601,1,0,1,0,0,1
602,1,0,2,0,0,1
607,1,0,1,0,0,1
608,0,1,0,1,0,2
613,0,1,0,1,0,2
617,0,1,0,1,0,2
619,0,1,0,1,0,2
621,1,0,1,0,0,1
623,0,1,0,1,0,2
625,1,0,1,0,0,1
629,1,0,1,0,0,1
630,1,0,1,0,0,1
631,1,0,1,0,0,1
632,0,1,0,1,0,2
634,0,1,0,1,0,2
635,0,1,0,1,0,2
636,0,1,0,1,0,2
640,1,0,1,0,0,1
641,0,1,0,1,0,2
642,0,1,0,2,0,2
643,0,1,0,2,0,2
645,1,0,1,0,0,1
646,0,1,0,1,0,2
647,0,1,0,1,0,2
648,1,0,2,0,0,1
649,0,1,0,1,0,2
653,1,0,1,0,0,1
655,0,1,0,1,0,2
656,0,1,0,1,0,2
659,0,1,0,1,0,2
663,1,0,1,0,0,1
665,0,1,0,1,0,2
666,1,0,1,0,0,1
667,1,0,1,0,0,1
668,0,1,0,2,0,2
671,0,1,0,1,0,2
672,0,1,0,1,0,2
674,0,1,0,1,0,2
675,1,0,1,0,0,1
676,1,0,1,0,0,1
678,1,0,1,0,0,1
680,0,1,0,2,0,2
681,1,0,1,0,0,1
682,1,0,1,0,0,1
684,1,0,1,0,0,1
687,1,0,1,0,0,1
691,0,1,0,1,0,2
692,0,1,0,1,0,2
695,1,0,1,0,0,1
697,0,1,0,2,0,2
700,1,0,1,0,0,1
705,0,1,0,1,0,2
706,1,0,1,0,0,1
709,1,0,1,0,0,1
710,1,0,1,0,0,1
711,0,1,0,1,0,2
713,1,0,1,0,0,1
714,1,0,1,0,0,1
715,1,0,1,0,0,1
716,0,1,0,1,0,2
718,0,1,0,1,0,2
719,0,1,0,1,0,2
722,1,0,1,0,0,1
724,0,1,0,1,0,2
725,0,1,0,1,0,2
726,0,1,0,2,0,2
727,1,0,1,0,0,1
729,1,0,1,0,0,1
732,1,0,1,0,0,1
733,1,0,2,0,0,1
734,1,0,1,0,0,1
735,1,0,1,0,0,1
736,1,0,2,0,0,1
739,1,0,1,0,0,1
740,0,1,0,1,0,2
742,1,0,1,0,0,1
744,1,0,1,0,0,1
745,0,1,0,1,0,2
749,0,1,0,2,0,2
750,0,1,0,2,0,2
751,1,0,1,0,0,1
752,0,1,0,2,0,2
755,0,1,0,2,0,2
756,0,1,0,1,0,2
760,1,0,1,0,0,1
762,0,1,0,1,0,2
763,0,1,0,2,0,2
764,1,0,1,0,0,1
765,1,0,1,0,0,1
766,0,1,0,1,0,2
768,0,1,0,1,0,2
770,0,1,0,1,0,2
774,0,1,0,1,0,2
775,1,0,1,0,0,1
776,1,0,1,0,0,1
778,0,1,0,2,0,2
782,1,0,1,0,0,1
783,1,0,1,0,0,1
785,1,0,1,0,0,1
787,1,0,1,0,0,1
788,1,0,1,0,0,1
789,0,1,0,1,0,2
791,1,0,1,0,0,1
796,0,1,0,1,0,2
797,1,0,1,0,0,1
798,1,0,1,0,0,1
803,1,0,1,0,0,1
804,1,0,1,0,0,1
805,0,1,0,1,0,2
806,1,0,1,0,0,1
808,1,0,1,0,0,1
809,0,1,0,1,0,2
810,1,0,1,0,0,1
811,0,1,0,1,0,2
812,0,1,0,1,0,2
814,0,1,0,2,0,2
815,0,1,0,1,0,2
818,0,1,0,1,0,2
820,0,1,0,2,0,2
822,1,0,1,0,0,1
823,0,1,0,1,0,2
825,1,0,1,0,0,1
826,0,1,0,1,0,2
831,0,1,0,2,0,2
832,0,1,0,1,0,2
833,1,0,1,0,0,1
836,1,0,1,0,0,1
837,1,0,1,0,0,1
838,1,0,1,0,0,1
839,1,0,1,0,0,1
841,0,1,0,2,0,2
842,1,0,1,0,0,1
844,1,0,1,0,0,1
845,0,1,0,1,0,2
846,1,0,1,0,0,1
847,0,1,0,1,0,2
848,0,1,0,1,0,2
849,0,1,0,1,0,2
850,0,1,0,1,0,2
852,1,0,1,0,0,1
854,1,0,1,0,0,1
855,1,0,1,0,0,1
856,0,1,0,2,0,2
857,0,1,0,1,0,2
858,0,1,0,1,0,2
861,0,1,0,1,0,2
863,0,1,0,1,0,2
866,1,0,1,0,0,1
869,0,1,0,1,0,2
874,0,1,0,2,0,2
876,0,1,0,1,0,2
878,0,1,0,1,0,2
880,0,1,0,1,0,2
881,0,1,0,1,0,2
884,0,1,0,1,0,2
887,0,1,0,1,0,2
888,0,1,0,1,0,2
890,1,0,1,0,0,1
891,1,0,1,0,0,1
893,0,1,0,1,0,2
894,1,0,1,0,0,1
896,1,0,1,0,0,1
898,1,0,1,0,0,1
899,1,0,1,0,0,1
900,0,1,0,1,0,2
904,1,0,1,0,0,1
905,0,1,0,1,0,2
906,0,1,0,1,0,2
909,0,1,0,1,0,2
911,0,1,0,1,0,2
916,0,1,0,1,0,2
917,0,1,0,1,0,2
919,0,1,0,1,0,2
921,0,1,0,1,0,2
923,0,1,0,1,0,2
924,1,0,1,0,0,1
926,0,1,0,1,0,2
927,0,1,0,1,0,2
928,0,1,0,1,0,2
929,0,1,0,1,0,2
930,1,0,2,0,0,1
931,0,1,0,3,0,2
934,1,0,1,0,0,1
935,0,1,0,1,0,2
936,1,0,1,0,0,1
937,0,1,0,1,0,2
939,1,0,1,0,0,1
941,0,1,0,1,0,2
943,1,0,1,0,0,1
944,0,1,0,1,0,2
945,1,0,1,0,0,1
947,0,1,0,1,0,2
948,1,0,1,0,0,1
952,0,1,0,1,0,2
953,1,0,1,0,0,1
954,1,0,1,0,0,1
955,0,1,0,1,0,2
957,0,1,0,1,0,2
958,1,0,1,0,0,1
962,0,1,0,1,0,2
963,0,1,0,2,0,2
966,0,1,0,1,0,2
967,1,0,1,0,0,1
969,1,0,1,0,0,1
972,0,1,0,1,0,2
974,1,0,1,0,0,1
975,1,0,1,0,0,1
976,0,1,0,1,0,2
977,0,1,0,1,0,2
981,1,0,1,0,0,1
983,0,1,0,1,0,2
986,0,1,0,1,0,2
987,1,0,1,0,0,1
989,1,0,1,0,0,1
990,1,0,1,0,0,1
991,0,1,0,1,0,2
993,1,0,3,0,0,1
994,0,1,0,1,0,2
995,1,0,1,0,0,1
998,0,1,0,1,0,2
1001,0,1,0,1,0,2
1006,0,1,0,1,0,2
1007,0,1,0,1,0,2
1009,0,1,0,1,0,2
1011,1,0,1,0,0,1
1014,0,1,0,2,0,2
1016,0,1,0,2,0,2
1017,1,0,1,0,0,1
1018,0,1,0,1,0,2
1019,0,1,0,2,0,2
1020,1,0,1,0,0,1
1025,1,0,1,0,0,1
1026,1,0,1,0,0,1
1028,0,1,0,1,0,2
1029,0,1,0,1,0,2
1031,1,0,1,0,0,1
1033,0,1,0,1,0,2
1034,1,0,1,0,0,1
1035,0,1,0,1,0,2
1036,0,1,0,2,0,2
1038,0,1,0,1,0,2
1039,0,1,0,1,0,2
1040,0,1,0,1,0,2
1041,0,1,0,2,0,2
1043,0,1,0,1,0,2
1044,0,1,0,1,0,2
1045,1,0,1,0,0,1
1048,1,0,1,0,0,1
1049,0,1,0,1,0,2
1052,0,1,0,1,0,2
1054,1,0,1,0,0,1
1055,1,0,1,0,0,1
1056,1,0,1,0,0,1
1057,0,1,0,1,0,2
1058,0,1,0,2,0,2
1059,0,1,0,1,0,2
1060,1,0,1,0,0,1
1061,1,0,1,0,0,1
1062,0,1,0,1,0,2
1064,1,0,1,0,0,1
1065,1,0,1,0,0,1
1067,1,0,1,0,0,1
1068,1,0,1,0,0,1
1070,1,0,1,0,0,1
1073,0,1,0,1,0,2
1074,1,0,1,0,0,1
1078,0,1,0,1,0,2
1079,1,0,1,0,0,1
1080,1,0,1,0,0,1
1081,1,0,1,0,0,1
1082,1,0,1,0,0,1
1084,0,1,0,1,0,2
1085,1,0,1,0,0,1
1088,0,1,0,1,0,2
1093,1,0,1,0,0,1
1094,1,0,1,0,0,1
1095,0,1,0,2,0,2
1096,1,0,1,0,0,1
1097,0,1,0,2,0,2
1098,1,0,1,0,0,1
1099,0,1,0,1,0,2
1100,0,1,0,1,0,2
1101,1,0,1,0,0,1
1102,0,1,0,1,0,2
1108,0,1,0,2,0,2
1109,1,0,1,0,0,1
1110,1,0,1,0,0,1
1111,0,1,0,1,0,2
1112,1,0,2,0,0,1
1114,0,1,0,1,0,2
1118,0,1,0,1,0,2
1119,1,0,1,0,0,1
1120,0,1,0,1,0,2
1123,0,1,0,1,0,2
1129,0,1,0,1,0,2
1130,1,0,1,0,0,1
1132,0,1,0,1,0,2
1133,1,0,1,0,0,1
1134,1,0,1,0,0,1
1136,0,1,0,1,0,2
1137,1,0,1,0,0,1
1138,1,0,1,0,0,1
1140,1,0,1,0,0,1
1143,1,0,2,0,0,1
1144,0,1,0,1,0,2
1146,0,1,0,1,0,2
1147,1,0,1,0,0,1
1150,1,0,1,0,0,1
1154,0,1,0,1,0,2
1155,1,0,1,0,0,1
1157,1,0,1,0,0,1
1158,0,1,0,1,0,2
1161,0,1,0,1,0,2
1163,1,0,1,0,0,1
1164,1,0,2,0,0,1
1165,0,1,0,1,0,2
1166,0,1,0,1,0,2
1167,0,1,0,1,0,2
1171,1,0,2,0,0,1
1172,0,1,0,1,0,2
1173,1,0,1,0,0,1
1174,1,0,1,0,0,1
1175,0,1,0,1,0,2
1176,0,1,0,1,0,2
1179,0,1,0,1,0,2
1180,0,1,0,1,0,2
1181,1,0,1,0,0,1
1182,1,0,1,0,0,1
1183,1,0,1,0,0,1
1184,1,0,1,0,0,1
1186,0,1,0,1,0,2
1187,1,0,1,0,0,1
1188,1,0,1,0,0,1
1189,0,1,0,1,0,2
1190,1,0,1,0,0,1
1191,1,0,1,0,0,1
1192,0,1,0,1,0,2
1193,0,1,0,1,0,2
1194,1,0,1,0,0,1
1195,1,0,1,0,0,1
1196,1,0,1,0,0,1
1197,1,0,1,0,0,1
1198,0,1,0,1,0,2
1201,1,0,1,0,0,1
1203,1,0,1,0,0,1
1204,0,1,0,1,0,2
1205,1,0,2,0,0,1
1209,0,1,0,1,0,2
1210,0,1,0,1,0,2
1212,0,1,0,1,0,2
1216,1,0,1,0,0,1
1217,0,1,0,1,0,2
1218,0,1,0,1,0,2
1220,0,1,0,2,0,2
1222,0,1,0,2,0,2
1226,0,1,0,1,0,2
1227,0,1,0,1,0,2
1229,1,0,1,0,0,1
1230,0,1,0,1,0,2
1231,1,0,1,0,0,1
1232,1,0,1,0,0,1
1233,1,0,1,0,0,1
1234,1,0,1,0,0,1
1236,0,1,0,1,0,2
1237,0,1,0,1,0,2
1238,0,1,0,1,0,2
1239,1,0,1,0,0,1
1241,1,0,1,0,0,1
1242,0,1,0,1,0,2
1243,1,0,1,0,0,1
1246,0,1,0,1,0,2
1248,0,1,0,1,0,2
1249,0,1,0,1,0,2
1253,1,0,1,0,0,1
1254,0,1,0,1,0,2
1256,1,0,1,0,0,1
1261,1,0,1,0,0,1
1262,0,1,0,2,0,2
1263,0,1,0,1,0,2
1264,0,1,0,1,0,2
1266,1,0,1,0,0,1
1268,0,1,0,1,0,2
1270,0,1,0,1,0,2
1272,1,0,2,0,0,1
1274,0,1,0,1,0,2
1275,1,0,2,0,0,1
1276,0,1,0,1,0,2
1279,0,1,0,1,0,2
1281,0,1,0,1,0,2
1282,0,1,0,1,0,2
1285,1,0,1,0,0,1
1286,1,0,2,0,0,1
1289,0,1,0,1,0,2
1292,1,0,1,0,0,1
1293,1,0,1,0,0,1
1295,1,0,1,0,0,1
1296,0,1,0,1,0,2
1298,0,1,0,1,0,2
1299,1,0,1,0,0,1
1300,0,1,0,1,0,2
1302,0,1,0,1,0,2
1305,0,1,0,1,0,2
1306,1,0,1,0,0,1
1308,0,1,0,2,0,2
1310,0,1,0,1,0,2
1311,1,0,1,0,0,1
1312,0,1,0,1,0,2
1315,0,1,0,1,0,2
1316,0,1,0,1,0,2
1318,0,1,0,1,0,2
1319,0,1,0,1,0,2
1320,0,1,0,3,0,2
1321,1,0,1,0,0,1
1326,1,0,1,0,0,1
1329,0,1,0,2,0,2
1330,1,0,1,0,0,1
1332,0,1,0,1,0,2
1335,0,1,0,1,0,2
1337,0,1,0,1,0,2
1339,0,1,0,1,0,2
1340,0,1,0,1,0,2
1341,1,0,1,0,0,1
1342,0,1,0,1,0,2
1344,1,0,1,0,0,1
1346,1,0,1,0,0,1
1347,1,0,1,0,0,1
1348,1,0,1,0,0,1
1352,1,0,1,0,0,1
1353,0,1,0,1,0,2
1357,1,0,1,0,0,1
1358,0,1,0,1,0,2
1361,0,1,0,1,0,2
1363,0,1,0,1,0,2
1364,0,1,0,1,0,2
1366,0,1,0,1,0,2
1368,0,1,0,1,0,2
1369,1,0,1,0,0,1
1370,1,0,1,0,0,1
1372,0,1,0,1,0,2
1376,0,1,0,1,0,2
1379,0,1,0,1,0,2
1385,0,1,0,1,0,2
1387,0,1,0,1,0,2
1388,1,0,1,0,0,1
1390,0,1,0,2,0,2
1393,0,1,0,1,0,2
1395,1,0,1,0,0,1
1396,1,0,1,0,0,1
1397,1,0,1,0,0,1
1399,1,0,1,0,0,1
1401,0,1,0,1,0,2
1402,1,0,1,0,0,1
1403,1,0,1,0,0,1
1405,0,1,0,2,0,2
1406,1,0,1,0,0,1
1407,1,0,1,0,0,1
1409,0,1,0,1,0,2
1410,1,0,1,0,0,1
1411,0,1,0,1,0,2
1414,1,0,1,0,0,1
1417,1,0,1,0,0,1
1418,1,0,1,0,0,1
1419,1,0,1,0,0,1
1420,0,1,0,2,0,2
1421,0,1,0,1,0,2
1424,1,0,1,0,0,1
1426,0,1,0,1,0,2
1427,0,1,0,1,0,2
1428,0,1,0,1,0,2
1432,1,0,1,0,0,1
1435,0,1,0,1,0,2
1436,1,0,1,0,0,1
1438,0,1,0,1,0,2
1440,0,1,0,1,0,2
1445,1,0,1,0,0,1
1447,0,1,0,1,0,2
1448,1,0,1,0,0,1
1449,0,1,0,1,0,2
1451,1,0,1,0,0,1
1453,0,1,0,1,0,2
1454,0,1,0,1,0,2
1457,1,0,1,0,0,1
1458,1,0,2,0,0,1
1460,1,0,1,0,0,1
1461,0,1,0,1,0,2
1464,1,0,2,0,0,1
1465,1,0,1,0,0,1
1468,1,0,2,0,0,1
1470,1,0,1,0,0,1
1471,0,1,0,2,0,2
1472,1,0,1,0,0,1
1473,1,0,1,0,0,1
1474,1,0,1,0,0,1
1475,1,0,1,0,0,1
1476,1,0,1,0,0,1
1480,0,1,0,1,0,2
1481,0,1,0,1,0,2
1482,1,0,1,0,0,1
1483,0,1,0,1,0,2
1484,1,0,1,0,0,1
1485,0,1,0,1,0,2
1486,0,1,0,1,0,2
1487,0,1,0,1,0,2
1489,1,0,1,0,0,1
1490,1,0,1,0,0,1
1491,1,0,1,0,0,1
1496,1,0,1,0,0,1
1497,1,0,1,0,0,1
1498,1,0,1,0,0,1
1502,1,0,1,0,0,1
1503,0,1,0,1,0,2
1504,0,1,0,1,0,2
1508,0,1,0,1,0,2
1509,0,1,0,1,0,2
1511,0,1,0,2,0,2
1512,1,0,2,0,0,1
1514,1,0,1,0,0,1
1515,1,0,1,0,0,1
1519,0,1,0,1,0,2
1521,1,0,1,0,0,1
1522,1,0,1,0,0,1
1523,0,1,0,1,0,2
1524,0,1,0,1,0,2
1526,0,1,0,1,0,2
1529,1,0,1,0,0,1
1531,0,1,0,1,0,2
1533,1,0,1,0,0,1
1534,1,0,1,0,0,1
1535,1,0,1,0,0,1
1536,0,1,0,1,0,2
1537,1,0,1,0,0,1
1539,0,1,0,1,0,2
1540,0,1,0,1,0,2
1541,0,1,0,1,0,2
1543,1,0,1,0,0,1
1544,0,1,0,1,0,2
1549,1,0,1,0,0,1
1550,1,0,1,0,0,1
1552,1,0,1,0,0,1
1553,0,1,0,1,0,2
1554,1,0,1,0,0,1
1556,1,0,1,0,0,1
1557,0,1,0,1,0,2
1560,0,1,0,3,0,2
1561,1,0,1,0,0,1
1565,1,0,1,0,0,1
1566,0,1,0,1,0,2
1567,0,1,0,1,0,2
1568,0,1,0,1,0,2
1571,1,0,1,0,0,1
1573,1,0,1,0,0,1
1574,0,1,0,1,0,2
1579,0,1,0,1,0,2
1580,0,1,0,1,0,2
1581,1,0,2,0,0,1
1582,0,1,0,1,0,2
1584,0,1,0,2,0,2
1585,0,1,0,1,0,2
1586,1,0,2,0,0,1
1587,1,0,1,0,0,1
1588,1,0,1,0,0,1
1590,0,1,0,1,0,2
1591,0,1,0,1,0,2
1592,0,1,0,1,0,2
1593,1,0,2,0,0,1
1594,1,0,1,0,0,1
1595,1,0,1,0,0,1
1599,1,0,1,0,0,1
1600,1,0,1,0,0,1
1601,1,0,1,0,0,1
1602,1,0,1,0,0,1
1606,1,0,1,0,0,1
1610,1,0,1,0,0,1
1611,0,1,0,1,0,2
1613,0,1,0,1,0,2
1615,0,1,0,1,0,2
1616,0,1,0,1,0,2
1618,0,1,0,1,0,2
1619,1,0,1,0,0,1
1622,1,0,1,0,0,1
1624,1,0,1,0,0,1
1628,1,0,1,0,0,1
1629,0,1,0,1,0,2
1632,0,1,0,1,0,2
1635,1,0,1,0,0,1
1636,0,1,0,1,0,2
1637,0,1,0,2,0,2
1638,1,0,1,0,0,1
1639,1,0,1,0,0,1
1640,0,1,0,1,0,2
1641,0,1,0,3,0,2
1642,1,0,2,0,0,1
1644,0,1,0,1,0,2
1645,0,1,0,1,0,2
1646,0,1,0,2,0,2
1648,0,1,0,1,0,2
1651,0,1,0,1,0,2
1655,1,0,2,0,0,1
1656,1,0,1,0,0,1
1657,1,0,2,0,0,1
1658,0,1,0,1,0,2
1661,0,1,0,1,0,2
1662,0,1,0,1,0,2
1663,0,1,0,1,0,2
1664,0,1,0,1,0,2
1665,0,1,0,1,0,2
1666,1,0,1,0,0,1
1670,0,1,0,1,0,2
1672,1,0,1,0,0,1
1674,1,0,2,0,0,1
1676,0,1,0,1,0,2
1677,0,1,0,1,0,2
1678,1,0,1,0,0,1
1680,0,1,0,2,0,2
1681,1,0,1,0,0,1
1682,0,1,0,2,0,2
1684,0,1,0,2,0,2
1685,0,1,0,1,0,2
1688,1,0,1,0,0,1
1691,1,0,1,0,0,1
1692,0,1,0,1,0,2
1695,0,1,0,1,0,2
1697,1,0,1,0,0,1
1699,0,1,0,1,0,2
1701,0,1,0,1,0,2
1702,0,1,0,1,0,2
1704,0,1,0,1,0,2
1705,0,1,0,1,0,2
1706,0,1,0,1,0,2
1707,1,0,1,0,0,1
1708,0,1,0,1,0,2
1709,0,1,0,1,0,2
1712,1,0,1,0,0,1
1713,0,1,0,1,0,2
1714,0,1,0,1,0,2
1716,0,1,0,1,0,2
1717,1,0,1,0,0,1
1718,1,0,1,0,0,1
1720,1,0,1,0,0,1
1721,0,1,0,1,0,2
1728,1,0,1,0,0,1
1730,1,0,1,0,0,1
1731,0,1,0,1,0,2
1735,1,0,1,0,0,1
1738,0,1,0,1,0,2
1739,0,1,0,2,0,2
1741,0,1,0,1,0,2
1745,0,1,0,1,0,2
1746,0,1,0,1,0,2
1749,1,0,1,0,0,1
1750,0,1,0,1,0,2
1751,1,0,1,0,0,1
1752,0,1,0,1,0,2
1754,1,0,1,0,0,1
1755,0,1,0,2,0,2
1756,0,1,0,1,0,2
1758,1,0,1,0,0,1
1761,0,1,0,1,0,2
1762,1,0,1,0,0,1
1765,1,0,1,0,0,1
1767,0,1,0,2,0,2
1768,0,1,0,1,0,2
1769,0,1,0,1,0,2
1770,1,0,1,0,0,1
1772,0,1,0,2,0,2
1773,0,1,0,1,0,2
1774,1,0,1,0,0,1
1779,0,1,0,1,0,2
1782,1,0,1,0,0,1
1785,1,0,1,0,0,1
1788,0,1,0,1,0,2
1789,0,1,0,1,0,2
1790,0,1,0,1,0,2
1791,0,1,0,1,0,2
1792,1,0,1,0,0,1
1793,1,0,1,0,0,1
1794,0,1,0,1,0,2
1795,0,1,0,1,0,2
1797,1,0,1,0,0,1
1798,0,1,0,1,0,2
1799,0,1,0,1,0,2
1800,0,1,0,1,0,2
1802,0,1,0,1,0,2
1803,1,0,2,0,0,1
1804,1,0,1,0,0,1
1806,0,1,0,1,0,2
1808,1,0,1,0,0,1
1809,1,0,1,0,0,1
1810,0,1,0,2,0,2
1812,1,0,1,0,0,1
1814,0,1,0,1,0,2
1815,0,1,0,1,0,2
1818,0,1,0,1,0,2
1820,1,0,1,0,0,1
1822,0,1,0,2,0,2
1823,0,1,0,1,0,2
1824,1,0,1,0,0,1
1825,1,0,1,0,0,1
1827,0,1,0,1,0,2
1831,1,0,2,0,0,1
1835,0,1,0,1,0,2
1836,1,0,1,0,0,1
1837,1,0,1,0,0,1
1840,0,1,0,1,0,2
1842,1,0,1,0,0,1
1843,0,1,0,1,0,2
1845,0,1,0,2,0,2
1848,1,0,1,0,0,1
1849,1,0,1,0,0,1
1850,0,1,0,1,0,2
1853,0,1,0,1,0,2
1857,0,1,0,1,0,2
1858,1,0,1,0,0,1
1859,0,1,0,1,0,2
1860,0,1,0,1,0,2
1861,1,0,2,0,0,1
1864,0,1,0,1,0,2
1866,1,0,1,0,0,1
1867,0,1,0,1,0,2
1868,1,0,1,0,0,1
1869,0,1,0,2,0,2
1870,0,1,0,2,0,2
1871,1,0,1,0,0,1
1872,1,0,2,0,0,1
1873,0,1,0,1,0,2
1874,0,1,0,1,0,2
1875,0,1,0,1,0,2
1878,1,0,1,0,0,1
1880,1,0,1,0,0,1
1882,1,0,2,0,0,1
1884,1,0,1,0,0,1
1887,0,1,0,1,0,2
1888,1,0,2,0,0,1
1891,0,1,0,1,0,2
1892,0,1,0,1,0,2
1893,0,1,0,1,0,2
1895,1,0,1,0,0,1
1896,1,0,1,0,0,1
1897,0,1,0,1,0,2
1898,1,0,1,0,0,1
1899,0,1,0,1,0,2
1900,0,1,0,1,0,2
1902,1,0,1,0,0,1
1905,1,0,1,0,0,1
1906,0,1,0,1,0,2
1907,0,1,0,1,0,2
1908,1,0,1,0,0,1
1910,0,1,0,2,0,2
1912,1,0,1,0,0,1
1913,1,0,1,0,0,1
1914,1,0,1,0,0,1
1917,1,0,1,0,0,1
1918,1,0,1,0,0,1
1920,0,1,0,1,0,2
1923,0,1,0,1,0,2
1924,1,0,1,0,0,1
1925,0,1,0,1,0,2
1929,1,0,1,0,0,1
1930,1,0,1,0,0,1
1931,0,1,0,1,0,2
1934,0,1,0,1,0,2
1935,0,1,0,1,0,2
1937,0,1,0,1,0,2
1938,0,1,0,1,0,2
1939,0,1,0,1,0,2
1943,1,0,1,0,0,1
1944,1,0,1,0,0,1
1945,1,0,1,0,0,1
1947,1,0,1,0,0,1
1950,0,1,0,1,0,2
1951,1,0,1,0,0,1
1953,0,1,0,1,0,2
1956,1,0,1,0,0,1
1957,1,0,1,0,0,1
1958,0,1,0,1,0,2
1959,1,0,1,0,0,1
1960,1,0,1,0,0,1
1961,1,0,1,0,0,1
1964,0,1,0,1,0,2
1965,0,1,0,1,0,2
1966,1,0,1,0,0,1
1967,0,1,0,1,0,2
1968,0,1,0,1,0,2
1969,0,1,0,2,0,2
1970,1,0,1,0,0,1
1971,0,1,0,1,0,2
1972,1,0,2,0,0,1
1973,0,1,0,1,0,2
1974,0,1,0,2,0,2
1975,0,1,0,1,0,2
1977,0,1,0,1,0,2
1978,0,1,0,2,0,2
1979,1,0,1,0,0,1
1981,1,0,1,0,0,1
1982,1,0,1,0,0,1
1984,0,1,0,1,0,2
1985,0,1,0,1,0,2
1986,1,0,1,0,0,1
1992,1,0,1,0,0,1
1994,0,1,0,1,0,2
1996,0,1,0,1,0,2
1998,1,0,1,0,0,1
1999,1,0,1,0,0,1
2000,1,0,1,0,0,1
2001,1,0,1,0,0,1
2004,0,1,0,1,0,2
2005,1,0,1,0,0,1
2007,1,0,1,0,0,1
2008,0,1,0,1,0,2
2009,0,1,0,1,0,2
2010,0,1,0,1,0,2
2011,0,1,0,1,0,2
2012,1,0,1,0,0,1
2013,1,0,1,0,0,1
2015,0,1,0,1,0,2
2016,0,1,0,1,0,2
2018,1,0,1,0,0,1
2019,0,1,0,1,0,2
2021,1,0,1,0,0,1
2023,1,0,1,0,0,1
2025,1,0,1,0,0,1
2026,1,0,1,0,0,1
2027,1,0,1,0,0,1
2029,1,0,1,0,0,1
2030,0,1,0,1,0,2
2031,1,0,1,0,0,1
2032,0,1,0,1,0,2
2034,0,1,0,1,0,2
2035,0,1,0,1,0,2
2036,0,1,0,1,0,2
2037,0,1,0,1,0,2
2038,0,1,0,1,0,2
2039,0,1,0,1,0,2
2040,1,0,1,0,0,1
2041,1,0,1,0,0,1
2042,0,1,0,1,0,2
2045,0,1,0,1,0,2
2046,0,1,0,1,0,2
2048,0,1,0,1,0,2
2049,1,0,1,0,0,1
2052,1,0,1,0,0,1
2055,1,0,1,0,0,1
2056,1,0,1,0,0,1
2059,1,0,2,0,0,1
2060,0,1,0,1,0,2
2061,1,0,1,0,0,1
2063,0,1,0,1,0,2
2066,0,1,0,1,0,2
2068,0,1,0,1,0,2
2069,0,1,0,1,0,2
2070,0,1,0,2,0,2
2071,1,0,1,0,0,1
2072,0,1,0,1,0,2
2075,1,0,1,0,0,1
2076,0,1,0,1,0,2
2077,0,1,0,1,0,2
2079,0,1,0,2,0,2
2080,0,1,0,1,0,2
2081,0,1,0,2,0,2
2084,1,0,1,0,0,1
2086,1,0,2,0,0,1
2087,1,0,1,0,0,1
2089,0,1,0,1,0,2
2090,0,1,0,1,0,2
2091,1,0,1,0,0,1
2093,0,1,0,1,0,2
2096,0,1,0,2,0,2
2097,1,0,1,0,0,1
2100,1,0,2,0,0,1
2101,1,0,2,0,0,1
2102,1,0,1,0,0,1
2103,1,0,1,0,0,1
2104,1,0,1,0,0,1
2105,1,0,1,0,0,1
2108,0,1,0,1,0,2
2109,0,1,0,1,0,2
2112,0,1,0,1,0,2
2113,0,1,0,1,0,2
2114,1,0,2,0,0,1
2116,0,1,0,1,0,2
2117,1,0,1,0,0,1
2118,1,0,1,0,0,1
2119,1,0,1,0,0,1
2120,1,0,1,0,0,1
2124,0,1,0,1,0,2
2126,0,1,0,1,0,2
2129,1,0,4,0,0,1
2132,1,0,1,0,0,1
2133,1,0,1,0,0,1
2134,0,1,0,1,0,2
2135,0,1,0,1,0,2
2136,0,1,0,1,0,2
2138,1,0,1,0,0,1
2140,1,0,1,0,0,1
2141,1,0,1,0,0,1
2142,0,1,0,2,0,2
2143,1,0,1,0,0,1
2146,0,1,0,1,0,2
2147,1,0,1,0,0,1
2148,1,0,1,0,0,1
2149,1,0,1,0,0,1
2152,0,1,0,1,0,2
2153,0,1,0,1,0,2
2154,0,1,0,1,0,2
2155,1,0,2,0,0,1
2156,1,0,1,0,0,1
2158,0,1,0,1,0,2
2159,0,1,0,2,0,2
2161,1,0,1,0,0,1
2163,0,1,0,1,0,2
2167,1,0,1,0,0,1
2168,1,0,1,0,0,1
2170,0,1,0,1,0,2
2171,1,0,1,0,0,1
2172,1,0,1,0,0,1
2174,0,1,0,1,0,2
2175,0,1,0,1,0,2
2182,0,1,0,1,0,2
2185,0,1,0,1,0,2
2189,1,0,1,0,0,1
2190,0,1,0,1,0,2
2193,0,1,0,1,0,2
2194,1,0,1,0,0,1
2196,0,1,0,2,0,2
2197,0,1,0,1,0,2
2198,1,0,1,0,0,1
2199,0,1,0,1,0,2
2202,1,0,1,0,0,1
2204,0,1,0,1,0,2
2207,1,0,1,0,0,1
2208,1,0,1,0,0,1
2209,0,1,0,1,0,2
2212,0,1,0,1,0,2
2215,0,1,0,1,0,2
2216,1,0,1,0,0,1
2217,1,0,1,0,0,1
2221,1,0,2,0,0,1
2222,0,1,0,1,0,2
2223,0,1,0,1,0,2
2226,0,1,0,1,0,2
2227,0,1,0,1,0,2
2230,0,1,0,1,0,2
2231,1,0,1,0,0,1
2232,1,0,1,0,0,1
2233,1,0,2,0,0,1
2234,1,0,1,0,0,1
2236,1,0,1,0,0,1
2239,0,1,0,1,0,2
2242,1,0,1,0,0,1
2243,0,1,0,2,0,2
2244,0,1,0,1,0,2
2245,1,0,1,0,0,1
2246,1,0,1,0,0,1
2247,0,1,0,1,0,2
2248,1,0,1,0,0,1
2249,1,0,2,0,0,1
2250,0,1,0,1,0,2
2251,0,1,0,1,0,2
2253,1,0,1,0,0,1
2254,0,1,0,1,0,2
2255,0,1,0,1,0,2
2256,1,0,1,0,0,1
2257,1,0,1,0,0,1
2258,0,1,0,2,0,2
2260,0,1,0,1,0,2
2262,1,0,1,0,0,1
2267,0,1,0,1,0,2
2270,0,1,0,1,0,2
2272,0,1,0,1,0,2
2273,0,1,0,1,0,2
2274,0,1,0,1,0,2
2276,1,0,1,0,0,1
2277,1,0,1,0,0,1
2278,1,0,1,0,0,1
2282,0,1,0,1,0,2
2283,0,1,0,1,0,2
2284,0,1,0,1,0,2
2286,0,1,0,1,0,2
2288,1,0,1,0,0,1
2289,0,1,0,1,0,2
2291,0,1,0,1,0,2
2292,0,1,0,1,0,2
2293,0,1,0,1,0,2
2295,1,0,1,0,0,1
2296,1,0,1,0,0,1
2297,0,1,0,1,0,2
2298,0,1,0,1,0,2
2299,1,0,1,0,0,1
2302,0,1,0,1,0,2
2306,1,0,1,0,0,1
2308,0,1,0,1,0,2
2309,0,1,0,1,0,2
2311,1,0,2,0,0,1
2312,0,1,0,2,0,2
2313,0,1,0,1,0,2
2315,1,0,1,0,0,1
2317,0,1,0,2,0,2
2319,1,0,1,0,0,1
2320,1,0,2,0,0,1
2322,0,1,0,1,0,2
2324,1,0,1,0,0,1
2325,0,1,0,1,0,2
2326,0,1,0,1,0,2
2327,1,0,1,0,0,1
2328,1,0,1,0,0,1
2332,0,1,0,1,0,2
2333,0,1,0,1,0,2
2334,1,0,2,0,0,1
2335,1,0,1,0,0,1
2336,0,1,0,1,0,2
2338,1,0,1,0,0,1
2340,0,1,0,1,0,2
2341,0,1,0,1,0,2
2345,1,0,1,0,0,1
2347,1,0,1,0,0,1
2348,0,1,0,2,0,2
2349,1,0,2,0,0,1
2350,0,1,0,1,0,2
2353,0,1,0,1,0,2
2354,0,1,0,1,0,2
2358,0,1,0,1,0,2
2359,0,1,0,1,0,2
2361,0,1,0,2,0,2
2362,1,0,1,0,0,1
2363,0,1,0,1,0,2
2369,1,0,1,0,0,1
2372,1,0,1,0,0,1
2373,0,1,0,1,0,2
2374,0,1,0,1,0,2
2375,0,1,0,2,0,2
2376,1,0,1,0,0,1
2379,1,0,1,0,0,1
2381,0,1,0,1,0,2
2383,1,0,1,0,0,1
2384,0,1,0,2,0,2
2385,1,0,1,0,0,1
2386,0,1,0,1,0,2
2387,0,1,0,1,0,2
2388,0,1,0,1,0,2
2390,0,1,0,1,0,2
2392,0,1,0,1,0,2
2394,1,0,1,0,0,1
2396,1,0,1,0,0,1
2397,1,0,1,0,0,1
2398,0,1,0,1,0,2
2403,0,1,0,1,0,2
2405,1,0,1,0,0,1
2409,0,1,0,1,0,2
2410,0,1,0,1,0,2
2411,1,0,2,0,0,1
2412,0,1,0,1,0,2
2414,1,0,1,0,0,1
2416,1,0,1,0,0,1
2418,1,0,1,0,0,1
2422,1,0,2,0,0,1
2423,1,0,1,0,0,1
2424,0,1,0,1,0,2
2425,0,1,0,1,0,2
2428,0,1,0,2,0,2
2429,0,1,0,1,0,2
2431,0,1,0,1,0,2
2433,0,1,0,1,0,2
2434,1,0,1,0,0,1
2435,0,1,0,1,0,2
2436,0,1,0,1,0,2
2437,0,1,0,2,0,2
2440,1,0,1,0,0,1
2450,1,0,1,0,0,1
2452,0,1,0,2,0,2
2453,0,1,0,1,0,2
2454,1,0,1,0,0,1
2455,0,1,0,2,0,2
2459,1,0,1,0,0,1
2460,1,0,1,0,0,1
2461,0,1,0,1,0,2
2462,0,1,0,1,0,2
2463,0,1,0,1,0,2
2465,0,1,0,1,0,2
2466,0,1,0,1,0,2
2473,1,0,2,0,0,1
2474,1,0,1,0,0,1
2477,1,0,2,0,0,1
2478,0,1,0,1,0,2
2479,0,1,0,1,0,2
2480,1,0,1,0,0,1
2481,0,1,0,1,0,2
2486,1,0,1,0,0,1
2487,0,1,0,1,0,2
2489,0,1,0,1,0,2
2490,0,1,0,1,0,2
2491,1,0,1,0,0,1
2493,0,1,0,1,0,2
2494,0,1,0,1,0,2
2496,0,1,0,1,0,2
2504,0,1,0,1,0,2
2506,1,0,1,0,0,1
2507,0,1,0,1,0,2
2508,0,1,0,1,0,2
2511,1,0,1,0,0,1
2512,1,0,2,0,0,1
2513,1,0,1,0,0,1
2515,1,0,1,0,0,1
2516,1,0,1,0,0,1
2518,0,1,0,1,0,2
2519,1,0,1,0,0,1
2520,0,1,0,1,0,2
2526,1,0,1,0,0,1
2527,1,0,2,0,0,1
2528,0,1,0,2,0,2
2530,1,0,1,0,0,1
2531,1,0,1,0,0,1
2532,1,0,1,0,0,1
2533,1,0,1,0,0,1
2535,1,0,1,0,0,1
2536,1,0,1,0,0,1
2537,1,0,1,0,0,1
2538,0,1,0,1,0,2
2539,0,1,0,1,0,2
2540,0,1,0,1,0,2
2541,0,1,0,2,0,2
2542,1,0,1,0,0,1
2544,1,0,1,0,0,1
2545,1,0,1,0,0,1
2548,1,0,1,0,0,1
2549,1,0,1,0,0,1
2550,0,1,0,1,0,2
2551,0,1,0,1,0,2
2553,0,1,0,1,0,2
2554,0,1,0,1,0,2
2555,0,1,0,1,0,2
2559,1,0,1,0,0,1
2561,0,1,0,1,0,2
2563,0,1,0,1,0,2
2565,0,1,0,2,0,2
2566,0,1,0,1,0,2
2568,1,0,2,0,0,1
2569,0,1,0,1,0,2
2570,0,1,0,1,0,2
2571,1,0,1,0,0,1
2577,0,1,0,1,0,2
2578,0,1,0,1,0,2
2579,0,1,0,2,0,2
2581,1,0,1,0,0,1
2583,0,1,0,1,0,2
2584,0,1,0,1,0,2
2586,1,0,1,0,0,1
2587,1,0,1,0,0,1
2588,1,0,1,0,0,1
2590,1,0,1,0,0,1
2591,1,0,1,0,0,1
2598,1,0,1,0,0,1
2599,0,1,0,1,0,2
2606,0,1,0,1,0,2
2608,1,0,1,0,0,1
2609,0,1,0,2,0,2
2611,0,1,0,1,0,2
2612,0,1,0,1,0,2
2613,1,0,1,0,0,1
2616,0,1,0,1,0,2
2621,1,0,2,0,0,1
2625,1,0,2,0,0,1
2627,0,1,0,1,0,2
2635,0,1,0,1,0,2
2636,0,1,0,1,0,2
2641,0,1,0,2,0,2
2643,1,0,1,0,0,1
2644,0,1,0,2,0,2
2645,0,1,0,1,0,2
2646,1,0,1,0,0,1
2647,0,1,0,1,0,2
2648,1,0,2,0,0,1
2649,1,0,1,0,0,1
2651,1,0,1,0,0,1
2653,1,0,1,0,0,1
2654,0,1,0,1,0,2
2655,0,1,0,1,0,2
2661,1,0,1,0,0,1
2662,0,1,0,1,0,2
2663,1,0,1,0,0,1
2665,0,1,0,1,0,2
2668,0,1,0,2,0,2
2669,0,1,0,1,0,2
2670,0,1,0,1,0,2
2671,1,0,1,0,0,1
2672,1,0,1,0,0,1
2674,1,0,1,0,0,1
2675,1,0,2,0,0,1
2679,0,1,0,1,0,2
2682,0,1,0,1,0,2
2684,0,1,0,1,0,2
2687,0,1,0,1,0,2
2689,0,1,0,1,0,2
2692,0,1,0,2,0,2
2693,0,1,0,1,0,2
2695,0,1,0,1,0,2
2696,0,1,0,2,0,2
2697,0,1,0,3,0,2
2698,1,0,1,0,0,1
2699,1,0,1,0,0,1
2701,0,1,0,1,0,2
2702,0,1,0,1,0,2
2704,1,0,1,0,0,1
2705,0,1,0,1,0,2
2706,0,1,0,1,0,2
2711,1,0,1,0,0,1
2712,1,0,2,0,0,1
2713,0,1,0,1,0,2
2714,0,1,0,2,0,2
2715,0,1,0,2,0,2
2716,0,1,0,1,0,2
2719,1,0,1,0,0,1
2720,1,0,1,0,0,1
2722,1,0,3,0,0,1
2723,0,1,0,2,0,2
2724,0,1,0,1,0,2
2725,0,1,0,2,0,2
2726,1,0,1,0,0,1
2728,1,0,1,0,0,1
2729,0,1,0,2,0,2
2730,1,0,2,0,0,1
2731,1,0,2,0,0,1
2732,1,0,1,0,0,1
2733,1,0,1,0,0,1
2734,0,1,0,1,0,2
2735,1,0,1,0,0,1
2736,1,0,1,0,0,1
2737,1,0,1,0,0,1
2739,1,0,1,0,0,1
2740,1,0,1,0,0,1
2742,1,0,1,0,0,1
2743,1,0,1,0,0,1
2744,0,1,0,1,0,2
2749,0,1,0,1,0,2
2750,1,0,2,0,0,1
2753,0,1,0,1,0,2
2754,0,1,0,1,0,2
2755,1,0,1,0,0,1
2757,1,0,1,0,0,1
2758,1,0,2,0,0,1
2759,1,0,1,0,0,1
2760,1,0,1,0,0,1
2761,1,0,1,0,0,1
2763,0,1,0,1,0,2
2764,0,1,0,1,0,2
2765,1,0,1,0,0,1
2766,0,1,0,2,0,2
2768,0,1,0,1,0,2
2769,0,1,0,1,0,2
2772,1,0,1,0,0,1
2773,0,1,0,1,0,2
2775,0,1,0,1,0,2
2776,1,0,1,0,0,1
2778,1,0,1,0,0,1
2780,1,0,1,0,0,1
2781,0,1,0,1,0,2
2783,1,0,1,0,0,1
2784,1,0,2,0,0,1
2788,1,0,1,0,0,1
2789,1,0,1,0,0,1
2790,1,0,1,0,0,1
2793,0,1,0,1,0,2
2794,1,0,1,0,0,1
2795,1,0,1,0,0,1
2797,0,1,0,1,0,2
2798,0,1,0,2,0,2
2799,0,1,0,2,0,2
2801,0,1,0,1,0,2
2802,0,1,0,1,0,2
2803,0,1,0,1,0,2
2805,0,1,0,1,0,2
2807,1,0,1,0,0,1
2808,0,1,0,2,0,2
2809,1,0,1,0,0,1
2811,0,1,0,1,0,2
2812,0,1,0,1,0,2
2813,0,1,0,2,0,2
2814,0,1,0,1,0,2
2815,0,1,0,1,0,2
2816,0,1,0,1,0,2
2817,0,1,0,1,0,2
2818,0,1,0,1,0,2
2819,1,0,1,0,0,1
2820,0,1,0,1,0,2
2823,0,1,0,2,0,2
2825,1,0,1,0,0,1
2826,1,0,1,0,0,1
2827,0,1,0,1,0,2
2829,0,1,0,1,0,2
2832,0,1,0,1,0,2
2833,0,1,0,1,0,2
2834,1,0,1,0,0,1
2835,0,1,0,1,0,2
2838,0,1,0,1,0,2
2841,0,1,0,1,0,2
2843,0,1,0,2,0,2
2844,1,0,1,0,0,1
2847,0,1,0,1,0,2
2848,1,0,1,0,0,1
2850,1,0,1,0,0,1
2854,1,0,1,0,0,1
2855,0,1,0,1,0,2
2856,0,1,0,1,0,2
2857,0,1,0,1,0,2
2858,0,1,0,2,0,2
2859,0,1,0,2,0,2
2863,1,0,1,0,0,1
2864,0,1,0,2,0,2
2865,0,1,0,3,0,2
2866,0,1,0,1,0,2
2867,1,0,2,0,0,1
2868,1,0,1,0,0,1
2873,0,1,0,1,0,2
2875,0,1,0,1,0,2
2876,1,0,1,0,0,1
2877,1,0,1,0,0,1
2878,1,0,1,0,0,1
2879,0,1,0,1,0,2
2880,0,1,0,2,0,2
2881,1,0,1,0,0,1
2882,1,0,1,0,0,1
2883,0,1,0,2,0,2
2884,0,1,0,1,0,2
2885,0,1,0,1,0,2
2886,1,0,1,0,0,1
2892,1,0,2,0,0,1
2893,0,1,0,1,0,2
2894,0,1,0,1,0,2
2896,1,0,1,0,0,1
2898,1,0,1,0,0,1
2899,0,1,0,1,0,2
2900,1,0,2,0,0,1
2901,1,0,1,0,0,1
2902,1,0,2,0,0,1
2903,1,0,1,0,0,1
2906,1,0,1,0,0,1
2909,1,0,1,0,0,1
2910,0,1,0,1,0,2
2911,1,0,1,0,0,1
2912,1,0,1,0,0,1
2914,1,0,1,0,0,1
2915,0,1,0,1,0,2
2918,1,0,1,0,0,1
2919,1,0,1,0,0,1
2921,0,1,0,3,0,2
2922,0,1,0,3,0,2
2924,0,1,0,1,0,2
2926,0,1,0,1,0,2
2927,1,0,1,0,0,1
2932,0,1,0,1,0,2
2933,1,0,2,0,0,1
2937,0,1,0,1,0,2
2940,1,0,1,0,0,1
2941,0,1,0,4,0,2
2943,0,1,0,3,0,2
2944,1,0,1,0,0,1
2945,1,0,2,0,0,1
2949,1,0,1,0,0,1
2951,0,1,0,2,0,2
2953,0,1,0,2,0,2
2954,0,1,0,2,0,2
2955,0,1,0,1,0,2
2957,0,1,0,1,0,2
2960,0,1,0,1,0,2
2962,0,1,0,2,0,2
2963,1,0,1,0,0,1
2966,1,0,2,0,0,1
2972,1,0,1,0,0,1
2974,0,1,0,2,0,2
2977,1,0,2,0,0,1
2979,1,0,1,0,0,1
2980,0,1,0,2,0,2
2984,0,1,0,1,0,2
2987,1,0,1,0,0,1
2988,1,0,1,0,0,1
2992,0,1,0,2,0,2
2993,1,0,1,0,0,1
2996,0,1,0,1,0,2
2998,1,0,1,0,0,1
3000,0,1,0,1,0,2
3002,1,0,1,0,0,1
3005,0,1,0,1,0,2
3007,0,1,0,1,0,2
3010,0,1,0,1,0,2
3012,1,0,1,0,0,1
3013,1,0,1,0,0,1
3017,0,1,0,1,0,2
3020,0,1,0,2,0,2
3022,0,1,0,2,0,2
3023,1,0,1,0,0,1
3026,1,0,1,0,0,1
3030,1,0,1,0,0,1
3032,0,1,0,2,0,2
3033,0,1,0,3,0,2
3034,1,0,1,0,0,1
3036,0,1,0,2,0,2
3037,0,1,0,1,0,2
3040,0,1,0,2,0,2
3041,0,1,0,2,0,2
3042,0,1,0,2,0,2
3043,1,0,2,0,0,1
3044,0,1,0,1,0,2
3045,0,1,0,1,0,2
3046,0,1,0,3,0,2
3047,1,0,1,0,0,1
3048,0,1,0,3,0,2
3049,0,1,0,1,0,2
3053,0,1,0,2,0,2
3054,0,1,0,1,0,2
3056,0,1,0,1,0,2
3057,0,1,0,1,0,2
3058,0,1,0,1,0,2
3063,0,1,0,1,0,2
3065,0,1,0,1,0,2
3068,0,1,0,1,0,2
3071,0,1,0,2,0,2
3072,0,1,0,1,0,2
3076,0,1,0,2,0,2
3078,0,1,0,2,0,2
3079,0,1,0,1,0,2
3080,0,1,0,1,0,2
3081,0,1,0,2,0,2
3083,0,1,0,2,0,2
3085,0,1,0,2,0,2
3086,0,1,0,2,0,2
3089,1,0,1,0,0,1
3090,0,1,0,3,0,2
3094,0,1,0,1,0,2
3095,0,1,0,2,0,2
3096,0,1,0,2,0,2
3098,0,1,0,2,0,2
3099,1,0,1,0,0,1
3102,0,1,0,2,0,2
3104,0,1,0,1,0,2
3106,0,1,0,3,0,2
3108,0,1,0,2,0,2
3113,0,1,0,2,0,2
3116,0,1,0,1,0,2
3118,1,0,1,0,0,1
3119,0,1,0,2,0,2
3120,0,1,0,3,0,2
3123,1,0,1,0,0,1
3124,0,1,0,2,0,2
3125,0,1,0,2,0,2
3126,0,1,0,3,0,2
3127,0,1,0,2,0,2
3130,1,0,1,0,0,1
3133,1,0,1,0,0,1
3138,0,1,0,2,0,2
3139,0,1,0,2,0,2
3140,1,0,1,0,0,1
3142,0,1,0,1,0,2
3143,0,1,0,1,0,2
3144,0,1,0,1,0,2
3148,1,0,1,0,0,1
3150,0,1,0,2,0,2
3152,1,0,1,0,0,1
3156,1,0,1,0,0,1
3158,0,1,0,1,0,2
3160,0,1,0,1,0,2
3161,0,1,0,2,0,2
3162,1,0,1,0,0,1
3164,0,1,0,1,0,2
3165,0,1,0,2,0,2
3168,1,0,1,0,0,1
3171,1,0,1,0,0,1
3183,0,1,0,2,0,2
3185,0,1,0,2,0,2
3187,0,1,0,2,0,2
3193,0,1,0,1,0,2
3195,0,1,0,2,0,2
3198,0,1,0,2,0,2
3200,1,0,1,0,0,1
3202,0,1,0,3,0,2
3203,0,1,0,2,0,2
3205,0,1,0,2,0,2
3208,1,0,2,0,0,1
3210,1,0,1,0,0,1
3211,1,0,1,0,0,1
3214,0,1,0,2,0,2
3215,0,1,0,1,0,2
3216,0,1,0,1,0,2
3222,0,1,0,2,0,2
3223,0,1,0,1,0,2
3224,0,1,0,2,0,2
3227,1,0,1,0,0,1
3231,1,0,1,0,0,1
3236,1,0,2,0,0,1
3240,1,0,1,0,0,1
3247,0,1,0,1,0,2
3248,0,1,0,1,0,2
3256,0,1,0,2,0,2
3258,1,0,1,0,0,1
3259,0,1,0,1,0,2
3260,1,0,1,0,0,1
3261,0,1,0,1,0,2
3262,1,0,2,0,0,1
3263,1,0,1,0,0,1
3264,0,1,0,2,0,2
3266,1,0,1,0,0,1
3279,0,1,0,1,0,2
3282,1,0,1,0,0,1
3283,1,0,1,0,0,1
3286,0,1,0,2,0,2
3289,0,1,0,2,0,2
3293,1,0,1,0,0,1
3297,1,0,1,0,0,1
3299,1,0,2,0,0,1
3300,0,1,0,1,0,2
3301,1,0,2,0,0,1
3302,0,1,0,1,0,2
3303,0,1,0,1,0,2
3305,1,0,1,0,0,1
3306,0,1,0,1,0,2
3312,1,0,1,0,0,1
3313,0,1,0,2,0,2
3316,0,1,0,1,0,2
3323,0,1,0,2,0,2
3324,0,1,0,1,0,2
3325,0,1,0,2,0,2
3327,0,1,0,1,0,2
3329,0,1,0,1,0,2
3333,1,0,1,0,0,1
3337,1,0,1,0,0,1
3338,0,1,0,3,0,2
3341,0,1,0,1,0,2
3342,0,1,0,1,0,2
3343,0,1,0,2,0,2
3345,1,0,2,0,0,1
3348,1,0,1,0,0,1
3350,0,1,0,1,0,2
3352,0,1,0,2,0,2
3354,0,1,0,2,0,2
3355,0,1,0,1,0,2
3356,0,1,0,2,0,2
3358,0,1,0,2,0,2
3359,0,1,0,2,0,2
3361,0,1,0,1,0,2
3363,0,1,0,1,0,2
3369,1,0,1,0,0,1
3370,1,0,2,0,0,1
3372,0,1,0,2,0,2
3373,0,1,0,2,0,2
3375,0,1,0,1,0,2
3376,0,1,0,2,0,2
3377,0,1,0,2,0,2
3378,1,0,2,0,0,1
3379,0,1,0,2,0,2
3381,0,1,0,2,0,2
3382,0,1,0,1,0,2
3387,0,1,0,1,0,2
3388,0,1,0,2,0,2
3389,1,0,1,0,0,1
3390,0,1,0,4,0,2
3392,0,1,0,1,0,2
3396,1,0,1,0,0,1
3400,0,1,0,2,0,2
3401,0,1,0,2,0,2
3402,0,1,0,3,0,2
3404,1,0,1,0,0,1
3406,0,1,0,1,0,2
3407,1,0,2,0,0,1
3408,0,1,0,2,0,2
3409,0,1,0,1,0,2
3411,1,0,1,0,0,1
3412,0,1,0,3,0,2
3415,1,0,1,0,0,1
3416,1,0,1,0,0,1
3417,0,1,0,2,0,2
3418,0,1,0,1,0,2
3420,1,0,1,0,0,1
3425,0,1,0,1,0,2
3429,1,0,2,0,0,1
3430,0,1,0,2,0,2
3431,0,1,0,2,0,2
3432,1,0,1,0,0,1
3436,0,1,0,1,0,2
3437,1,0,1,0,0,1
3440,0,1,0,1,0,2
3441,0,1,0,1,0,2
3442,0,1,0,2,0,2
3444,1,0,1,0,0,1
3446,0,1,0,2,0,2
3447,0,1,0,1,0,2
3448,0,1,0,2,0,2
3450,0,1,0,2,0,2
3451,0,1,0,3,0,2
3453,0,1,0,2,0,2
3454,1,0,1,0,0,1
3455,0,1,0,2,0,2
3456,1,0,1,0,0,1
3457,1,0,1,0,0,1
3458,1,0,1,0,0,1
3459,1,0,1,0,0,1
3460,0,1,0,1,0,2
3461,0,1,0,2,0,2
3462,0,1,0,1,0,2
3463,0,1,0,1,0,2
3464,0,1,0,1,0,2
3465,0,1,0,1,0,2
3466,1,0,1,0,0,1
3467,0,1,0,1,0,2
3472,0,1,0,1,0,2
3474,0,1,0,1,0,2
3478,0,1,0,1,0,2
3479,0,1,0,2,0,2
3487,0,1,0,1,0,2
3490,0,1,0,1,0,2
3492,1,0,1,0,0,1
3493,1,0,1,0,0,1
3496,0,1,0,1,0,2
3498,0,1,0,1,0,2
3500,0,1,0,1,0,2
3501,1,0,2,0,0,1
3502,0,1,0,2,0,2
3505,0,1,0,1,0,2
3511,1,0,1,0,0,1
3513,0,1,0,3,0,2
3514,1,0,1,0,0,1
3515,0,1,0,2,0,2
3516,0,1,0,1,0,2
3518,1,0,1,0,0,1
3523,0,1,0,1,0,2
3524,1,0,1,0,0,1
3525,1,0,1,0,0,1
3528,0,1,0,1,0,2
3529,1,0,1,0,0,1
3530,0,1,0,2,0,2
3532,0,1,0,1,0,2
3533,1,0,2,0,0,1
3534,1,0,2,0,0,1
3535,1,0,1,0,0,1
3537,1,0,1,0,0,1
3538,0,1,0,1,0,2
3540,1,0,2,0,0,1
3541,1,0,1,0,0,1
3546,1,0,1,0,0,1
3547,1,0,1,0,0,1
3548,0,1,0,2,0,2
3549,1,0,1,0,0,1
3550,1,0,1,0,0,1
3556,1,0,1,0,0,1
3564,0,1,0,1,0,2
3565,0,1,0,2,0,2
3567,0,1,0,1,0,2
3570,1,0,1,0,0,1
3572,0,1,0,2,0,2
3573,0,1,0,2,0,2
3575,0,1,0,1,0,2
3576,1,0,2,0,0,1
3577,1,0,2,0,0,1
3578,0,1,0,1,0,2
3580,1,0,2,0,0,1
3581,1,0,1,0,0,1
3582,0,1,0,1,0,2
3583,0,1,0,3,0,2
3585,1,0,2,0,0,1
3591,0,1,0,1,0,2
3592,1,0,2,0,0,1
3593,0,1,0,1,0,2
3594,1,0,1,0,0,1
3596,1,0,1,0,0,1
3597,1,0,1,0,0,1
3598,0,1,0,1,0,2
3599,1,0,1,0,0,1
3600,1,0,1,0,0,1
3603,0,1,0,1,0,2
3604,0,1,0,1,0,2
3605,0,1,0,2,0,2
3606,1,0,2,0,0,1
3607,1,0,2,0,0,1
3608,1,0,2,0,0,1
3609,1,0,2,0,0,1
3615,1,0,1,0,0,1
3616,1,0,1,0,0,1
3617,1,0,1,0,0,1
3620,0,1,0,2,0,2
3621,0,1,0,1,0,2
3623,1,0,2,0,0,1
3624,0,1,0,1,0,2
3627,1,0,1,0,0,1
3628,1,0,1,0,0,1
3629,0,1,0,1,0,2
3630,1,0,1,0,0,1
3632,0,1,0,2,0,2
3634,1,0,1,0,0,1
3636,1,0,1,0,0,1
3637,1,0,1,0,0,1
3639,1,0,2,0,0,1
3640,1,0,1,0,0,1
3643,1,0,2,0,0,1
3645,1,0,2,0,0,1
3647,1,0,1,0,0,1
3649,0,1,0,1,0,2
3652,1,0,2,0,0,1
3656,1,0,1,0,0,1
3657,1,0,1,0,0,1
3660,1,0,1,0,0,1
3661,1,0,1,0,0,1
3662,0,1,0,1,0,2
3663,0,1,0,1,0,2
3665,0,1,0,5,0,2
3666,1,0,2,0,0,1
3667,0,1,0,2,0,2
3668,1,0,1,0,0,1
3670,1,0,2,0,0,1
3671,1,0,1,0,0,1
3672,0,1,0,1,0,2
3673,1,0,1,0,0,1
3677,1,0,1,0,0,1
3678,1,0,1,0,0,1
3679,1,0,1,0,0,1
3680,1,0,1,0,0,1
3681,0,1,0,1,0,2
3683,1,0,2,0,0,1
3684,1,0,1,0,0,1
3686,1,0,1,0,0,1
3690,0,1,0,2,0,2
3691,0,1,0,1,0,2
3694,1,0,1,0,0,1
3696,1,0,1,0,0,1
3697,1,0,2,0,0,1
3698,1,0,1,0,0,1
3700,1,0,1,0,0,1
3701,1,0,1,0,0,1
3704,1,0,1,0,0,1
3706,1,0,1,0,0,1
3708,1,0,2,0,0,1
3709,1,0,1,0,0,1
3710,1,0,1,0,0,1
3713,0,1,0,1,0,2
3714,1,0,1,0,0,1
3718,1,0,1,0,0,1
3723,1,0,1,0,0,1
3727,1,0,1,0,0,1
3729,1,0,1,0,0,1
3733,1,0,1,0,0,1
3739,1,0,1,0,0,1
3742,1,0,1,0,0,1
3745,1,0,2,0,0,1
3747,0,1,0,1,0,2
3748,1,0,1,0,0,1
3750,1,0,1,0,0,1
3751,1,0,1,0,0,1
3754,1,0,1,0,0,1
3755,1,0,1,0,0,1
3756,1,0,1,0,0,1
3757,1,0,1,0,0,1
3761,1,0,2,0,0,1
3764,1,0,1,0,0,1
3766,1,0,1,0,0,1
3768,0,1,0,1,0,2
3769,1,0,1,0,0,1
3770,0,1,0,1,0,2
3771,1,0,1,0,0,1
3772,0,1,0,2,0,2
3780,1,0,1,0,0,1
3781,1,0,1,0,0,1
3785,1,0,2,0,0,1
3786,1,0,1,0,0,1
3787,1,0,1,0,0,1
3788,0,1,0,1,0,2
3790,1,0,1,0,0,1
3791,1,0,1,0,0,1
3792,1,0,1,0,0,1
3793,0,1,0,1,0,2
3795,1,0,1,0,0,1
3796,1,0,1,0,0,1
3798,1,0,1,0,0,1
3802,1,0,1,0,0,1
3803,1,0,1,0,0,1
3804,1,0,1,0,0,1
3805,0,1,0,1,0,2
3807,1,0,1,0,0,1
3812,1,0,2,0,0,1
3813,1,0,1,0,0,1
3816,1,0,2,0,0,1
3817,0,1,0,2,0,2
3818,0,1,0,1,0,2
3823,1,0,1,0,0,1
3824,1,0,1,0,0,1
3826,1,0,2,0,0,1
3830,1,0,2,0,0,1
3831,1,0,1,0,0,1
3832,1,0,1,0,0,1
3833,0,1,0,1,0,2
3834,1,0,1,0,0,1
3835,1,0,1,0,0,1
3837,1,0,1,0,0,1
3838,1,0,1,0,0,1
3842,0,1,0,2,0,2
3845,0,1,0,1,0,2
3848,1,0,2,0,0,1
3849,1,0,1,0,0,1
3850,1,0,1,0,0,1
3851,1,0,1,0,0,1
3852,1,0,2,0,0,1
3854,0,1,0,3,0,2
3856,0,1,0,1,0,2
3857,0,1,0,2,0,2
3861,1,0,1,0,0,1
3866,1,0,1,0,0,1
3867,1,0,1,0,0,1
3868,1,0,1,0,0,1
3870,1,0,1,0,0,1
3871,1,0,2,0,0,1
3872,1,0,2,0,0,1
3873,0,1,0,1,0,2
3876,1,0,1,0,0,1
3879,1,0,1,0,0,1
3880,1,0,1,0,0,1
