index,y_true,y_pred,Error_flag,Violation_flag,Dropped_both,y3
1368,2,2,0,1,0,2
1991,0,0,0,0,0,0
562,1,1,1,0,0,1
2369,1,0,1,0,0,1
2468,2,2,0,1,0,2
1593,1,1,1,0,0,1
3263,0,2,0,0,0,0
2308,2,1,0,1,0,2
467,0,1,0,0,0,0
622,0,2,0,0,0,0
792,0,1,0,0,0,0
844,1,0,1,0,0,1
1426,2,0,0,1,0,2
1960,1,1,1,0,0,1
307,2,1,0,1,0,2
1423,0,0,0,0,0,0
3096,2,1,0,1,0,2
606,0,1,0,0,0,0
3446,2,0,0,1,0,2
3396,1,0,1,0,0,1
760,1,1,1,0,0,1
716,2,2,0,1,0,2
347,0,0,0,0,0,0
3771,1,0,1,0,0,1
2389,0,2,0,0,0,0
1641,2,2,0,1,0,2
2479,2,1,0,1,0,2
3020,2,2,0,1,0,2
2332,2,2,0,1,0,2
1664,2,2,0,1,0,2
3158,2,2,0,1,0,2
2303,0,0,0,0,0,0
1208,0,0,0,0,0,0
460,1,1,1,0,0,1
3467,2,0,0,1,0,2
3201,0,0,0,0,0,0
131,2,2,0,1,0,2
3098,2,0,0,1,0,2
914,0,0,0,0,0,0
3772,2,2,0,1,0,2
2523,0,1,0,0,0,0
677,0,2,0,0,0,0
2580,0,1,0,0,0,0
1106,0,2,0,0,0,0
2299,1,2,1,0,0,1
425,1,1,1,0,0,1
3176,0,0,0,0,0,0
3462,2,0,0,1,0,2
3040,2,2,0,1,0,2
748,0,0,0,0,0,0
3137,0,0,0,0,0,0
3567,2,0,0,1,0,2
865,0,1,0,0,0,0
2646,1,1,1,0,0,1
934,1,0,1,0,0,1
904,1,1,1,0,0,1
544,2,2,0,1,0,2
1570,0,1,0,0,0,0
954,0,1,0,0,0,0
292,2,2,0,1,0,2
3706,1,0,1,0,0,1
2747,0,0,0,0,0,0
1281,2,2,0,1,0,2
391,0,0,0,0,0,0
3214,2,0,0,1,0,2
1574,2,2,0,1,0,2
3826,1,1,1,0,0,1
22,2,2,0,1,0,2
1909,0,1,0,0,0,0
57,2,2,0,1,0,2
3621,2,1,0,1,0,2
3672,2,0,0,1,0,2
1081,1,0,1,0,0,1
1741,2,0,0,1,0,2
854,1,1,1,0,0,1
3013,1,2,1,0,0,1
2446,0,1,0,0,0,0
213,2,0,0,1,0,2
464,0,1,0,0,0,0
3755,1,1,1,0,0,1
146,2,2,0,1,0,2
2206,0,0,0,0,0,0
801,0,2,0,0,0,0
255,2,2,0,1,0,2
1749,1,1,1,0,0,1
3066,2,2,0,1,0,2
2066,2,2,0,1,0,2
1824,1,1,1,0,0,1
2611,2,1,0,1,0,2
3090,2,2,0,1,0,2
2349,1,1,1,0,0,1
243,2,2,0,1,0,2
149,2,2,0,1,0,2
15,2,2,0,1,0,2
166,2,2,0,1,0,2
2339,2,2,0,1,0,2
855,1,1,1,0,0,1
1059,2,2,0,1,0,2
928,2,2,0,1,0,2
2635,2,2,0,1,0,2
581,1,1,1,0,0,1
2212,2,2,0,1,0,2
1186,2,1,0,1,0,2
2725,2,2,0,1,0,2
3451,2,2,0,1,0,2
1010,0,0,0,0,0,0
3072,2,2,0,1,0,2
2142,2,2,0,1,0,2
2422,1,1,1,0,0,1
2437,2,2,0,1,0,2
988,0,2,0,0,0,0
3634,1,1,1,0,0,1
3126,2,2,0,1,0,2
373,2,2,0,1,0,2
848,2,1,0,1,0,2
2664,0,0,0,0,0,0
2922,2,2,0,1,0,2
2097,1,0,1,0,0,1
1457,1,0,1,0,0,1
2141,1,1,1,0,0,1
3613,0,0,0,0,0,0
2639,0,0,0,0,0,0
834,0,1,0,0,0,0
853,0,0,0,0,0,0
1789,2,2,0,1,0,2
2223,2,2,0,1,0,2
2127,0,1,0,0,0,0
1823,2,2,0,1,0,2
1968,2,2,0,1,0,2
1387,2,0,0,1,0,2
2577,2,2,0,1,0,2
2306,1,1,1,0,0,1
502,1,2,1,0,0,1
1227,2,1,0,1,0,2
2977,1,1,1,0,0,1
309,2,2,0,1,0,2
444,0,1,0,0,0,0
98,2,2,0,1,0,2
3161,2,0,0,1,0,2
3325,2,2,0,1,0,2
1440,2,0,0,1,0,2
441,1,1,1,0,0,1
407,2,2,0,1,0,2
534,1,1,1,0,0,1
109,2,2,0,1,0,2
3178,2,2,0,1,0,2
2848,1,2,1,0,0,1
1892,2,1,0,1,0,2
1491,1,0,1,0,0,1
577,1,1,1,0,0,1
2031,0,0,0,0,0,0
665,2,2,0,1,0,2
1929,1,0,1,0,0,1
786,0,2,0,0,0,0
576,0,0,0,0,0,0
2773,2,0,0,1,0,2
3339,2,2,0,1,0,2
3409,2,2,0,1,0,2
869,2,1,0,1,0,2
427,2,2,0,1,0,2
3792,1,1,1,0,0,1
625,1,1,1,0,0,1
2640,0,0,0,0,0,0
935,2,2,0,1,0,2
1295,1,1,1,0,0,1
3043,1,1,1,0,0,1
3514,1,1,1,0,0,1
619,2,2,0,1,0,2
84,2,2,0,1,0,2
2873,2,2,0,1,0,2
3111,0,0,0,0,0,0
2788,1,1,1,0,0,1
487,1,1,1,0,0,1
1377,0,2,0,0,0,0
34,2,2,0,1,0,2
790,0,1,0,0,0,0
173,2,2,0,1,0,2
976,2,2,0,1,0,2
2871,0,2,0,0,0,0
2469,0,0,0,0,0,0
2440,1,0,1,0,0,1
267,2,2,0,1,0,2
2760,1,1,1,0,0,1
76,2,2,0,1,0,2
2005,1,1,1,0,0,1
1937,2,0,0,1,0,2
446,2,1,0,1,0,2
673,0,2,0,0,0,0
3680,1,1,1,0,0,1
3019,0,1,0,0,0,0
286,2,2,0,1,0,2
47,2,2,0,1,0,2
509,2,2,0,1,0,2
2091,1,1,1,0,0,1
2836,0,0,0,0,0,0
1118,2,2,0,1,0,2
1979,1,1,1,0,0,1
2727,0,0,0,0,0,0
2480,0,2,0,0,0,0
2421,0,0,0,0,0,0
3730,0,0,0,0,0,0
2273,2,2,0,1,0,2
3503,2,1,0,1,0,2
941,2,0,0,1,0,2
303,2,2,0,1,0,2
3376,2,0,0,1,0,2
3326,2,1,0,1,0,2
2233,1,0,1,0,0,1
1808,1,1,1,0,0,1
58,2,2,0,1,0,2
490,1,1,1,0,0,1
2530,1,1,1,0,0,1
86,2,2,0,1,0,2
3530,2,2,0,1,0,2
510,2,2,0,1,0,2
3691,2,0,0,1,0,2
2272,2,2,0,1,0,2
730,0,1,0,0,0,0
2697,2,2,0,1,0,2
164,2,2,0,1,0,2
2302,2,2,0,1,0,2
621,1,2,1,0,0,1
2311,1,1,1,0,0,1
1429,0,2,0,0,0,0
3116,2,2,0,1,0,2
3643,1,2,1,0,0,1
75,2,2,0,1,0,2
2252,0,1,0,0,0,0
3868,1,1,1,0,0,1
484,0,1,0,0,0,0
3549,1,1,1,0,0,1
2358,2,2,0,1,0,2
1220,2,1,0,1,0,2
560,0,0,0,0,0,0
1666,1,1,1,0,0,1
2176,0,2,0,0,0,0
2359,2,2,0,1,0,2
2447,0,0,0,0,0,0
1710,0,0,0,0,0,0
1200,0,0,0,0,0,0
2403,2,0,0,1,0,2
2016,2,1,0,1,0,2
1640,2,2,0,1,0,2
2047,0,0,0,0,0,0
200,2,2,0,1,0,2
3097,0,1,0,0,0,0
3656,1,1,1,0,0,1
1045,1,1,1,0,0,1
69,2,2,0,1,0,2
283,2,2,0,1,0,2
1673,0,2,0,0,0,0
3054,2,0,0,1,0,2
761,0,0,0,0,0,0
1166,2,2,0,1,0,2
620,0,2,0,0,0,0
2790,1,1,1,0,0,1
1509,2,2,0,1,0,2
160,2,2,0,1,0,2
1772,2,2,0,1,0,2
1405,2,2,0,1,0,2
1643,0,0,0,0,0,0
406,1,0,1,0,0,1
2023,1,1,1,0,0,1
2643,1,0,1,0,0,1
3329,2,2,0,1,0,2
3057,2,2,0,1,0,2
2060,2,2,0,1,0,2
456,0,0,0,0,0,0
3354,2,2,0,1,0,2
501,2,2,0,1,0,2
1891,2,2,0,1,0,2
3524,1,1,1,0,0,1
3652,1,1,1,0,0,1
383,0,1,0,0,0,0
3694,1,1,1,0,0,1
54,2,2,0,1,0,2
3699,0,1,0,0,0,0
2134,2,2,0,1,0,2
171,0,1,0,0,0,0
1825,0,2,0,0,0,0
822,1,1,1,0,0,1
3490,2,0,0,1,0,2
3539,2,2,0,1,0,2
174,2,2,0,1,0,2
564,1,1,1,0,0,1
3629,2,0,0,1,0,2
1702,2,2,0,1,0,2
3580,1,1,1,0,0,1
356,2,2,0,1,0,2
754,0,2,0,0,0,0
1505,0,1,0,0,0,0
666,1,1,1,0,0,1
5,2,2,0,1,0,2
896,1,1,1,0,0,1
823,2,2,0,1,0,2
2203,0,0,0,0,0,0
3187,2,2,0,1,0,2
2534,0,0,0,0,0,0
2654,2,0,0,1,0,2
3720,0,0,0,0,0,0
2554,2,0,0,1,0,2
1420,2,2,0,1,0,2
1684,2,1,0,1,0,2
3750,1,0,1,0,0,1
1157,1,1,1,0,0,1
3879,1,1,1,0,0,1
2035,2,1,0,1,0,2
3455,2,2,0,1,0,2
372,2,2,0,1,0,2
3761,1,0,1,0,0,1
3790,1,1,1,0,0,1
513,0,1,0,0,0,0
1782,0,1,0,0,0,0
663,1,1,1,0,0,1
3873,2,2,0,1,0,2
2018,1,1,1,0,0,1
3064,2,2,0,1,0,2
1103,0,0,0,0,0,0
2815,2,2,0,1,0,2
2098,0,2,0,0,0,0
1801,0,1,0,0,0,0
1280,0,1,0,0,0,0
939,1,1,1,0,0,1
1528,0,0,0,0,0,0
1148,0,0,0,0,0,0
2100,1,1,1,0,0,1
3228,2,1,0,1,0,2
332,0,2,0,0,0,0
2268,0,0,0,0,0,0
2002,0,1,0,0,0,0
344,0,0,0,0,0,0
271,2,2,0,1,0,2
2169,0,0,0,0,0,0
1982,1,1,1,0,0,1
1540,2,0,0,1,0,2
3585,1,1,1,0,0,1
511,2,2,0,1,0,2
1675,0,0,0,0,0,0
2249,1,2,1,0,0,1
1212,2,1,0,1,0,2
3404,1,1,1,0,0,1
2834,1,0,1,0,0,1
168,2,2,0,1,0,2
3804,1,1,1,0,0,1
208,2,2,0,1,0,2
2510,0,2,0,0,0,0
361,1,0,1,0,0,1
2878,1,1,1,0,0,1
3768,2,2,0,1,0,2
2474,1,1,1,0,0,1
1130,1,1,1,0,0,1
2913,2,2,0,1,0,2
1384,0,0,0,0,0,0
3031,0,0,0,0,0,0
2154,2,1,0,1,0,2
326,2,2,0,1,0,2
248,0,0,0,0,0,0
1514,1,1,1,0,0,1
3305,1,1,1,0,0,1
1565,1,1,1,0,0,1
2668,2,2,0,1,0,2
637,0,2,0,0,0,0
2633,2,2,0,1,0,2
1495,0,0,0,0,0,0
538,1,1,1,0,0,1
597,2,1,0,1,0,2
3556,1,2,1,0,0,1
1793,1,1,1,0,0,1
1654,0,0,0,0,0,0
3600,0,2,0,0,0,0
4,2,2,0,1,0,2
1147,0,1,0,0,0,0
500,1,1,1,0,0,1
2855,2,1,0,1,0,2
1648,2,2,0,1,0,2
1903,0,0,0,0,0,0
3864,0,0,0,0,0,0
1608,0,1,0,0,0,0
2335,1,0,1,0,0,1
3222,2,2,0,1,0,2
2049,1,1,1,0,0,1
551,1,0,1,0,0,1
3517,0,1,0,0,0,0
2772,1,1,1,0,0,1
93,2,2,0,1,0,2
1728,1,0,1,0,0,1
876,2,2,0,1,0,2
2655,2,1,0,1,0,2
1299,1,1,1,0,0,1
2959,2,0,0,1,0,2
2232,1,0,1,0,0,1
997,0,2,0,0,0,0
712,0,2,0,0,0,0
3022,2,0,0,1,0,2
948,1,1,1,0,0,1
2027,1,1,1,0,0,1
2183,0,0,0,0,0,0
1382,2,2,0,1,0,2
3261,2,2,0,1,0,2
2823,2,1,0,1,0,2
2072,2,2,0,1,0,2
367,2,1,0,1,0,2
2207,1,1,1,0,0,1
3131,2,2,0,1,0,2
2034,2,1,0,1,0,2
2551,2,2,0,1,0,2
66,2,2,0,1,0,2
921,2,1,0,1,0,2
3565,2,2,0,1,0,2
3534,1,1,1,0,0,1
2896,1,0,1,0,0,1
1022,0,0,0,0,0,0
1435,2,1,0,1,0,2
743,0,2,0,0,0,0
920,0,0,0,0,0,0
2704,1,1,1,0,0,1
540,0,0,0,0,0,0
2188,2,2,0,1,0,2
1536,2,2,0,1,0,2
2683,0,0,0,0,0,0
1656,1,1,1,0,0,1
2196,2,2,0,1,0,2
3444,1,1,1,0,0,1
2926,2,0,0,1,0,2
1529,1,1,1,0,0,1
3388,2,2,0,1,0,2
1348,1,1,1,0,0,1
570,2,2,0,1,0,2
2698,1,1,1,0,0,1
2341,2,2,0,1,0,2
2365,0,0,0,0,0,0
655,2,2,0,1,0,2
3491,0,0,0,0,0,0
2135,2,2,0,1,0,2
1652,0,0,0,0,0,0
3208,1,1,1,0,0,1
3171,1,1,1,0,0,1
323,1,1,1,0,0,1
772,0,0,0,0,0,0
1866,1,1,1,0,0,1
3254,2,2,0,1,0,2
3664,2,2,0,1,0,2
1663,2,1,0,1,0,2
32,2,2,0,1,0,2
3198,2,2,0,1,0,2
799,0,1,0,0,0,0
2778,1,1,1,0,0,1
329,2,2,0,1,0,2
3662,2,0,0,1,0,2
3219,2,2,0,1,0,2
184,0,2,0,0,0,0
2953,2,2,0,1,0,2
3749,0,0,0,0,0,0
578,2,2,0,1,0,2
675,1,1,1,0,0,1
107,2,2,0,1,0,2
3283,1,1,1,0,0,1
1885,0,0,0,0,0,0
269,2,2,0,1,0,2
370,0,2,0,0,0,0
3118,1,1,1,0,0,1
1379,2,0,0,1,0,2
11,2,2,0,1,0,2
2906,1,1,1,0,0,1
2763,2,2,0,1,0,2
2699,1,2,1,0,0,1
1476,1,0,1,0,0,1
219,2,2,0,1,0,2
1492,0,2,0,0,0,0
1250,0,0,0,0,0,0
1902,1,1,1,0,0,1
3288,0,0,0,0,0,0
1778,0,1,0,0,0,0
1756,2,2,0,1,0,2
1300,2,0,0,1,0,2
1535,1,1,1,0,0,1
556,2,1,0,1,0,2
2214,0,0,0,0,0,0
1683,0,1,0,0,0,0
272,2,1,0,1,0,2
3547,1,1,1,0,0,1
1442,0,0,0,0,0,0
1753,0,0,0,0,0,0
2506,1,1,1,0,0,1
3610,0,2,0,0,0,0
3697,1,1,1,0,0,1
3167,0,0,0,0,0,0
2482,0,1,0,0,0,0
1137,1,1,1,0,0,1
3588,0,0,0,0,0,0
2578,2,1,0,1,0,2
3110,0,0,0,0,0,0
3775,0,2,0,0,0,0
1355,0,0,0,0,0,0
1337,2,1,0,1,0,2
244,2,2,0,1,0,2
3807,1,2,1,0,0,1
3179,2,1,0,1,0,2
827,0,1,0,0,0,0
1034,1,1,1,0,0,1
3633,0,0,0,0,0,0
1614,0,1,0,0,0,0
1214,0,1,0,0,0,0
2263,0,2,0,0,0,0
2594,0,2,0,0,0,0
2856,2,2,0,1,0,2
3078,2,2,0,1,0,2
3431,2,2,0,1,0,2
49,2,2,0,1,0,2
3668,1,1,1,0,0,1
883,0,0,0,0,0,0
1020,1,0,1,0,0,1
1913,1,0,1,0,0,1
949,0,1,0,0,0,0
2245,1,0,1,0,0,1
886,0,1,0,0,0,0
1974,2,1,0,1,0,2
3632,2,0,0,1,0,2
923,2,2,0,1,0,2
3018,0,0,0,0,0,0
2630,0,0,0,0,0,0
1496,1,2,1,0,0,1
1100,2,0,0,1,0,2
1790,2,1,0,1,0,2
1301,0,1,0,0,0,0
533,1,1,1,0,0,1
1458,1,1,1,0,0,1
1326,1,1,1,0,0,1
2381,2,0,0,1,0,2
3099,1,1,1,0,0,1
125,2,2,0,1,0,2
1530,0,0,0,0,0,0
1113,0,0,0,0,0,0
300,0,2,0,0,0,0
302,0,1,0,0,0,0
3624,2,2,0,1,0,2
2102,1,0,1,0,0,1
678,1,1,1,0,0,1
3001,2,2,0,1,0,2
2591,1,1,1,0,0,1
3627,1,1,1,0,0,1
2706,2,0,0,1,0,2
3742,1,1,1,0,0,1
770,2,2,0,1,0,2
3401,2,2,0,1,0,2
877,0,1,0,0,0,0
2064,0,1,0,0,0,0
561,2,2,0,1,0,2
1009,2,2,0,1,0,2
2819,1,2,1,0,0,1
2969,0,0,0,0,0,0
393,0,1,0,0,0,0
2638,0,2,0,0,0,0
197,2,1,0,1,0,2
1829,0,1,0,0,0,0
1627,0,0,0,0,0,0
3037,2,1,0,1,0,2
2775,2,1,0,1,0,2
430,2,2,0,1,0,2
2868,1,1,1,0,0,1
2572,0,0,0,0,0,0
841,2,1,0,1,0,2
2202,1,1,1,0,0,1
1559,0,0,0,0,0,0
1573,0,1,0,0,0,0
1939,2,0,0,1,0,2
2410,2,2,0,1,0,2
389,1,2,1,0,0,1
1074,1,0,1,0,0,1
1127,0,1,0,0,0,0
1737,0,2,0,0,0,0
3328,2,2,0,1,0,2
3160,2,0,0,1,0,2
2255,2,0,0,1,0,2
3046,2,2,0,1,0,2
2588,1,1,1,0,0,1
1359,0,1,0,0,0,0
747,0,0,0,0,0,0
521,2,1,0,1,0,2
2329,0,1,0,0,0,0
3505,2,2,0,1,0,2
126,2,2,0,1,0,2
451,1,1,1,0,0,1
3166,2,2,0,1,0,2
3425,2,0,0,1,0,2
1173,1,0,1,0,0,1
826,2,2,0,1,0,2
494,2,2,0,1,0,2
2801,2,0,0,1,0,2
1537,1,1,1,0,0,1
1311,1,1,1,0,0,1
546,1,2,1,0,0,1
431,1,1,1,0,0,1
2967,0,0,0,0,0,0
1391,0,0,0,0,0,0
2885,2,1,0,1,0,2
3226,2,2,0,1,0,2
1038,2,2,0,1,0,2
2586,1,1,1,0,0,1
1029,2,2,0,1,0,2
486,0,0,0,0,0,0
2661,0,2,0,0,0,0
246,2,2,0,1,0,2
2537,1,2,1,0,0,1
1052,2,2,0,1,0,2
2143,1,1,1,0,0,1
3052,0,0,0,0,0,0
2766,2,2,0,1,0,2
176,2,2,0,1,0,2
2900,1,1,1,0,0,1
3518,1,2,1,0,0,1
3486,0,1,0,0,0,0
1612,0,0,0,0,0,0
1191,1,1,1,0,0,1
2457,0,1,0,0,0,0
2193,2,1,0,1,0,2
707,0,0,0,0,0,0
2811,2,0,0,1,0,2
1002,0,0,0,0,0,0
3262,1,1,1,0,0,1
3200,1,0,1,0,0,1
1545,0,1,0,0,0,0
3741,0,0,0,0,0,0
3812,1,2,1,0,0,1
1579,2,2,0,1,0,2
3123,1,1,1,0,0,1
135,2,1,0,1,0,2
1133,1,1,1,0,0,1
2315,1,1,1,0,0,1
1085,1,1,1,0,0,1
2724,2,0,0,1,0,2
1597,0,1,0,0,0,0
2883,2,0,0,1,0,2
1270,2,1,0,1,0,2
3870,1,0,1,0,0,1
221,2,2,0,1,0,2
2463,2,2,0,1,0,2
1952,0,0,0,0,0,0
2875,2,0,0,1,0,2
563,0,0,0,0,0,0
2320,1,0,1,0,0,1
1303,0,0,0,0,0,0
867,0,0,0,0,0,0
2974,2,2,0,1,0,2
1043,2,2,0,1,0,2
3498,2,0,0,1,0,2
3165,2,2,0,1,0,2
2942,0,0,0,0,0,0
705,2,2,0,1,0,2
415,2,2,0,1,0,2
724,2,2,0,1,0,2
3139,2,0,0,1,0,2
1090,0,0,0,0,0,0
