index,y_true,y_pred,Error_flag,Violation_flag,Err_anom_count,Viol_anom_count,Err_weight_sum,Viol_weight_sum,y3
2644,2,0,0,1,0,1,0,5,2
1655,1,1,1,0,2,0,10,0,1
1514,1,1,1,0,1,0,5,0,1
3795,1,1,1,0,1,0,5,0,1
2661,1,0,1,0,1,0,4,0,1
1166,0,0,0,0,0,0,0,0,0
1648,0,0,0,0,0,0,0,0,0
217,2,2,0,1,0,3,0,13,2
472,0,0,0,0,0,0,0,0,0
3419,2,2,1,1,1,3,4,13,2
2909,1,1,1,0,1,0,5,0,1
532,1,0,1,0,1,0,4,0,1
25,2,2,0,1,0,2,0,9,2
1455,0,0,0,0,0,0,0,0,0
772,0,2,0,0,0,0,0,0,0
1070,1,0,1,0,1,0,3,0,1
1708,0,0,0,0,0,0,0,0,0
3764,1,1,1,0,1,0,5,0,1
1418,1,0,1,0,1,0,5,0,1
1913,1,1,1,0,1,0,5,0,1
1526,2,1,0,1,0,1,0,2,2
685,0,0,0,0,0,0,0,0,0
2568,1,1,1,0,1,0,5,0,1
408,1,1,1,0,1,0,4,0,1
1810,2,2,0,1,0,1,0,5,2
151,2,2,0,1,0,2,0,9,2
878,0,2,0,0,0,0,0,0,0
3404,1,1,1,0,1,0,5,0,1
1711,0,0,0,0,0,0,0,0,0
577,1,1,1,0,1,0,5,0,1
486,0,0,0,0,0,0,0,0,0
2553,0,2,0,0,0,0,0,0,0
630,1,1,1,0,1,0,5,0,1
2402,0,1,0,0,0,0,0,0,0
373,0,2,0,0,0,0,0,0,0
3023,1,1,1,0,1,0,5,0,1
2665,0,0,0,0,0,0,0,0,0
1503,2,0,0,1,0,1,0,2,2
3552,1,1,1,0,1,0,5,0,1
2636,0,0,0,0,0,0,0,0,0
501,0,0,0,0,0,0,0,0,0
999,0,1,0,0,0,0,0,0,0
2627,2,0,0,1,0,1,0,5,2
1015,0,0,0,0,0,0,0,0,0
566,0,1,0,0,0,0,0,0,0
1408,1,1,1,0,1,0,5,0,1
154,2,1,0,1,0,1,0,4,2
1271,0,0,0,0,0,0,0,0,0
982,0,0,0,0,0,0,0,0,0
2915,2,2,0,1,0,1,0,4,2
2701,0,0,0,0,0,0,0,0,0
1089,0,0,0,0,0,0,0,0,0
2169,0,0,0,0,0,0,0,0,0
326,2,2,0,1,0,1,0,4,2
1131,0,0,0,0,0,0,0,0,0
197,2,2,0,1,0,2,0,9,2
253,2,2,0,1,0,2,0,9,2
2648,1,1,1,0,2,0,7,0,1
2549,1,1,1,0,1,0,5,0,1
3134,1,1,1,0,1,0,4,0,1
2448,0,0,0,0,0,0,0,0,0
1644,2,2,0,1,0,1,0,4,2
2363,2,0,0,1,0,1,0,4,2
3219,1,1,1,0,1,0,4,0,1
3843,1,1,1,0,1,0,4,0,1
2617,0,0,0,0,0,0,0,0,0
832,0,0,0,0,0,0,0,0,0
2126,0,0,0,0,0,0,0,0,0
1452,0,0,0,0,0,0,0,0,0
1221,1,1,1,0,1,0,5,0,1
975,1,2,1,0,1,0,5,0,1
2482,0,0,0,0,0,0,0,0,0
1873,0,0,0,0,0,0,0,0,0
995,1,1,1,0,1,0,4,0,1
2690,1,1,1,0,1,0,5,0,1
3240,1,1,1,0,1,0,5,0,1
1833,0,1,0,0,0,0,0,0,0
3806,1,1,1,0,1,0,5,0,1
1346,1,1,1,0,1,0,5,0,1
2777,0,2,0,0,0,0,0,0,0
676,1,1,1,0,1,0,5,0,1
3661,1,0,1,0,1,0,5,0,1
3272,1,1,1,0,1,0,5,0,1
3195,2,0,0,1,0,2,0,8,2
2092,0,0,0,0,0,0,0,0,0
1360,1,0,1,0,1,0,4,0,1
2762,1,0,1,0,1,0,4,0,1
2303,2,0,0,1,0,1,0,4,2
3533,1,1,1,0,2,0,9,0,1
3504,1,0,1,1,1,1,4,4,1
2394,1,1,1,0,1,0,5,0,1
1544,0,0,0,0,0,0,0,0,0
3785,1,1,1,0,1,0,5,0,1
4,2,2,0,1,0,2,0,9,2
3667,2,1,0,1,0,1,0,4,2
3016,1,2,1,1,1,1,5,4,1
2014,0,0,0,0,0,0,0,0,0
1838,1,0,1,0,1,0,5,0,1
360,0,0,0,0,0,0,0,0,0
3783,0,0,0,0,0,0,0,0,0
149,2,2,0,1,0,2,0,9,2
3296,1,2,1,1,1,1,5,5,1
3248,0,2,0,0,0,0,0,0,0
2507,0,2,0,0,0,0,0,0,0
3466,1,1,1,0,1,0,5,0,1
3138,2,2,0,1,0,1,0,4,2
2597,0,0,0,0,0,0,0,0,0
3425,2,0,0,1,0,1,0,4,2
1275,1,1,1,0,2,0,7,0,1
2602,0,0,0,0,0,0,0,0,0
1613,0,0,0,0,0,0,0,0,0
2933,1,1,1,0,2,0,9,0,1
297,2,2,0,1,0,2,0,9,2
3512,1,0,1,0,1,0,5,0,1
3625,0,0,0,0,0,0,0,0,0
572,1,1,1,0,1,0,5,0,1
523,1,1,1,0,1,0,5,0,1
489,0,2,0,0,0,0,0,0,0
3746,2,0,1,1,1,1,2,4,2
2386,0,1,0,0,0,0,0,0,0
1039,2,0,0,1,0,1,0,4,2
3556,1,2,1,0,1,0,5,0,1
392,0,2,0,0,0,0,0,0,0
1051,0,1,0,0,0,0,0,0,0
622,0,2,0,0,0,0,0,0,0
3577,1,2,1,0,2,0,10,0,1
1157,1,0,1,0,1,0,5,0,1
2929,1,1,1,0,1,0,5,0,1
1383,0,1,0,0,0,0,0,0,0
2063,2,1,0,1,0,1,0,5,2
356,0,2,0,0,0,0,0,0,0
1826,0,0,0,0,0,0,0,0,0
1391,0,0,0,0,0,0,0,0,0
724,0,0,0,0,0,0,0,0,0
2424,0,0,0,0,0,0,0,0,0
3151,1,1,1,0,2,0,9,0,1
2232,1,0,1,0,1,0,5,0,1
2732,1,2,1,0,1,0,5,0,1
1943,1,0,1,0,1,0,5,0,1
609,1,0,1,1,1,1,5,4,1
2811,0,0,0,0,0,0,0,0,0
817,0,2,0,0,0,0,0,0,0
1834,1,0,1,1,1,1,5,5,1
2628,1,1,1,0,1,0,2,0,1
2035,2,1,0,1,0,1,0,5,2
2253,0,0,0,0,0,0,0,0,0
2951,2,2,0,1,0,2,0,9,2
2833,0,2,0,0,0,0,0,0,0
2710,1,1,1,0,1,0,4,0,1
2464,1,2,1,0,1,0,4,0,1
418,1,1,1,0,1,0,5,0,1
1821,0,0,0,0,0,0,0,0,0
635,2,0,0,1,0,1,0,4,2
921,0,1,0,0,0,0,0,0,0
1348,1,1,1,0,1,0,5,0,1
1996,0,0,0,0,0,0,0,0,0
1812,1,0,1,0,1,0,5,0,1
120,2,2,0,1,0,2,0,9,2
727,1,2,1,0,1,0,5,0,1
1605,1,1,1,1,1,1,5,4,1
3325,2,1,0,1,0,1,0,5,2
1325,1,1,1,0,1,0,5,0,1
2820,0,0,0,0,0,0,0,0,0
1649,1,1,1,1,1,1,5,5,1
1537,1,1,1,0,1,0,5,0,1
3831,1,1,1,0,1,0,5,0,1
2174,0,0,0,0,0,0,0,0,0
507,1,1,1,0,1,0,5,0,1
2698,1,1,1,0,1,0,5,0,1
1666,0,1,0,0,0,0,0,0,0
1977,0,2,0,0,0,0,0,0,0
784,0,0,0,0,0,0,0,0,0
3766,1,1,1,0,1,0,5,0,1
2051,0,2,0,0,0,0,0,0,0
2415,1,0,1,0,1,0,5,0,1
2127,0,0,0,0,0,0,0,0,0
2480,1,1,1,0,1,0,4,0,1
3779,1,1,1,0,1,0,5,0,1
2234,1,1,1,0,1,0,5,0,1
1285,1,1,1,0,1,0,5,0,1
2390,0,2,0,0,0,0,0,0,0
536,0,0,0,0,0,0,0,0,0
1181,1,1,1,0,1,0,4,0,1
671,0,0,0,0,0,0,0,0,0
2947,1,1,1,1,1,1,5,5,1
1220,2,1,0,1,0,1,0,5,2
3472,2,2,0,1,0,1,0,4,2
2001,1,1,1,0,1,0,5,0,1
359,1,1,1,0,1,0,5,0,1
1224,1,2,1,1,1,1,5,4,1
837,1,1,1,0,1,0,4,0,1
272,0,1,0,0,0,0,0,0,0
3287,1,2,1,1,2,1,7,4,1
2463,0,2,0,0,0,0,0,0,0
2749,2,0,0,1,0,1,0,4,2
1483,0,0,0,0,0,0,0,0,0
2015,0,0,0,0,0,0,0,0,0
970,1,1,1,0,1,0,5,0,1
3493,1,0,1,0,1,0,5,0,1
3775,0,2,0,0,0,0,0,0,0
942,0,2,0,0,0,0,0,0,0
28,2,2,0,1,0,2,0,9,2
3585,1,1,1,0,2,0,10,0,1
712,0,0,0,0,0,0,0,0,0
1515,1,1,1,0,1,0,5,0,1
3338,2,2,0,1,0,3,0,13,2
1476,1,0,1,0,1,0,5,0,1
2666,0,0,0,0,0,0,0,0,0
722,1,0,1,0,1,0,4,0,1
1152,0,1,0,0,0,0,0,0,0
474,0,0,0,0,0,0,0,0,0
3194,1,2,1,0,1,0,4,0,1
1909,0,2,0,0,0,0,0,0,0
1907,0,0,0,0,0,0,0,0,0
700,1,1,1,0,1,0,5,0,1
1524,2,0,0,1,0,1,0,4,2
1086,1,0,1,0,1,0,5,0,1
1735,1,1,1,0,1,0,5,0,1
634,0,0,0,0,0,0,0,0,0
1786,0,0,0,0,0,0,0,0,0
3407,1,1,1,0,2,0,9,0,1
1865,0,1,0,0,0,0,0,0,0
3710,1,1,1,0,1,0,5,0,1
1807,1,1,1,0,1,0,4,0,1
3278,1,1,1,0,1,0,5,0,1
3054,0,0,0,0,0,0,0,0,0
3852,1,1,1,0,2,0,9,0,1
2201,2,0,0,1,0,1,0,4,2
2854,1,1,1,0,1,0,5,0,1
840,0,0,0,0,0,0,0,0,0
918,0,0,0,0,0,0,0,0,0
2036,0,0,0,0,0,0,0,0,0
237,2,2,0,1,0,2,0,9,2
2500,1,1,1,0,1,0,5,0,1
108,2,2,0,1,0,2,0,9,2
2214,0,2,0,0,0,0,0,0,0
3176,0,0,0,0,0,0,0,0,0
3408,2,2,0,1,0,2,0,9,2
2437,2,0,0,1,0,1,0,4,2
3193,0,0,0,0,0,0,0,0,0
279,2,2,0,1,0,2,0,9,2
2384,2,2,0,1,0,1,0,5,2
1724,0,1,0,0,0,0,0,0,0
78,2,2,0,1,0,2,0,9,2
1017,1,1,1,0,1,0,5,0,1
2382,0,0,0,0,0,0,0,0,0
957,0,2,0,0,0,0,0,0,0
1911,1,1,1,1,2,1,8,4,1
3313,2,2,0,1,0,2,0,9,2
1231,1,1,1,0,1,0,5,0,1
3422,1,1,1,0,1,0,5,0,1
2100,1,1,1,0,1,0,4,0,1
2190,0,1,0,0,0,0,0,0,0
3041,2,2,0,1,0,2,0,9,2
1764,1,0,1,0,1,0,5,0,1
462,1,0,1,0,1,0,4,0,1
2185,0,0,0,0,0,0,0,0,0
2242,1,1,1,0,1,0,5,0,1
896,1,1,1,0,1,0,5,0,1
2128,2,0,0,1,0,1,0,4,2
2761,1,1,1,0,1,0,5,0,1
2192,0,0,0,0,0,0,0,0,0
1430,1,0,1,0,1,0,5,0,1
1066,0,0,0,0,0,0,0,0,0
981,1,1,1,0,1,0,5,0,1
2763,2,1,0,1,0,1,0,4,2
3657,1,0,1,0,1,0,5,0,1
1795,0,0,0,0,0,0,0,0,0
139,2,2,0,1,0,2,0,9,2
2095,1,1,1,0,1,0,4,0,1
1992,1,0,1,0,1,0,5,0,1
1012,1,0,1,0,1,0,5,0,1
3053,2,2,0,1,0,2,0,9,2
2928,1,1,1,0,1,0,5,0,1
2983,0,1,0,0,0,0,0,0,0
3601,2,0,0,1,0,1,0,4,2
1243,1,1,1,0,1,0,5,0,1
188,2,2,0,1,0,2,0,9,2
1819,0,1,0,0,0,0,0,0,0
2188,1,1,1,0,1,0,4,0,1
3707,1,1,1,0,1,0,5,0,1
46,2,2,0,1,0,2,0,9,2
2311,1,1,1,0,1,0,2,0,1
355,1,1,1,0,1,0,5,0,1
691,0,1,0,0,0,0,0,0,0
2240,1,2,1,0,1,0,5,0,1
461,0,0,0,0,0,0,0,0,0
15,2,2,0,1,0,2,0,9,2
2229,0,0,0,0,0,0,0,0,0
664,1,1,1,0,1,0,5,0,1
777,1,2,1,0,1,0,5,0,1
1176,0,0,0,0,0,0,0,0,0
1004,0,2,0,0,0,0,0,0,0
2022,1,2,1,0,1,0,4,0,1
277,2,2,0,1,0,2,0,9,2
2550,0,1,0,0,0,0,0,0,0
1188,1,1,1,0,1,0,5,0,1
204,2,2,0,1,0,2,0,9,2
551,1,1,1,0,1,0,5,0,1
793,0,0,0,0,0,0,0,0,0
2217,1,1,1,0,1,0,5,0,1
3426,0,0,0,0,0,0,0,0,0
2167,1,1,1,0,1,0,5,0,1
2083,0,1,0,0,0,0,0,0,0
2538,0,0,0,0,0,0,0,0,0
2417,0,0,0,0,0,0,0,0,0
3722,0,0,0,0,0,0,0,0,0
1361,0,2,0,0,0,0,0,0,0
3463,0,1,0,0,0,0,0,0,0
1496,1,2,1,0,1,0,5,0,1
14,2,2,0,1,0,2,0,9,2
3612,0,0,0,0,0,0,0,0,0
2881,1,1,1,0,1,0,5,0,1
3763,0,0,0,0,0,0,0,0,0
3143,0,0,0,0,0,0,0,0,0
1877,1,1,1,0,1,0,5,0,1
2684,0,0,0,0,0,0,0,0,0
288,2,2,0,1,0,2,0,9,2
2614,0,0,0,0,0,0,0,0,0
1382,1,0,1,0,1,0,4,0,1
3713,2,0,0,1,0,1,0,4,2
2170,0,1,0,0,0,0,0,0,0
2780,1,1,1,0,1,0,5,0,1
3630,1,1,1,0,1,0,5,0,1
3542,1,1,1,0,1,0,5,0,1
567,1,1,1,0,1,0,4,0,1
661,2,1,0,1,0,1,0,4,2
3400,2,2,0,1,0,2,0,9,2
3553,1,2,1,0,1,0,5,0,1
850,0,2,0,0,0,0,0,0,0
406,1,0,1,0,1,0,5,0,1
2078,0,0,0,0,0,0,0,0,0
44,2,2,0,1,0,2,0,9,2
1694,0,0,0,0,0,0,0,0,0
2891,1,1,1,1,1,1,5,2,1
1710,2,0,0,1,0,1,0,4,2
1584,2,1,0,1,0,1,0,4,2
2208,1,1,1,0,1,0,5,0,1
1599,1,1,1,0,1,0,5,0,1
244,2,2,0,1,0,2,0,9,2
1429,0,0,0,0,0,0,0,0,0
3499,1,2,1,0,1,0,5,0,1
2079,2,0,0,1,0,1,0,5,2
865,0,1,0,0,0,0,0,0,0
1616,2,2,0,1,0,1,0,4,2
3172,2,1,1,1,2,2,7,9,2
2554,0,0,0,0,0,0,0,0,0
799,0,1,0,0,0,0,0,0,0
953,1,0,1,0,1,0,5,0,1
3361,0,1,0,0,0,0,0,0,0
2544,1,1,1,0,1,0,5,0,1
86,2,2,0,1,0,2,0,9,2
2495,0,1,0,0,0,0,0,0,0
1265,0,2,0,0,0,0,0,0,0
1577,1,0,1,0,1,0,4,0,1
3221,1,1,1,1,2,1,9,5,1
1700,1,0,1,0,1,0,5,0,1
1543,1,1,1,0,1,0,5,0,1
3371,1,2,1,1,1,1,5,5,1
1019,2,2,0,1,0,1,0,5,2
795,0,0,0,0,0,0,0,0,0
2018,1,1,1,0,1,0,5,0,1
2626,1,1,1,0,1,0,4,0,1
3028,0,0,0,0,0,0,0,0,0
2349,1,0,1,0,1,0,5,0,1
3297,1,2,1,0,1,0,5,0,1
873,0,0,0,0,0,0,0,0,0
906,0,0,0,0,0,0,0,0,0
633,0,0,0,0,0,0,0,0,0
22,2,2,0,1,0,2,0,9,2
2340,2,0,0,1,0,1,0,4,2
387,1,2,1,0,1,0,5,0,1
3839,0,0,0,0,0,0,0,0,0
3732,0,0,0,0,0,0,0,0,0
697,2,2,0,1,0,1,0,5,2
2954,2,0,0,1,0,1,0,5,2
1673,0,0,0,0,0,0,0,0,0
3698,1,0,1,0,1,0,5,0,1
1192,0,2,0,0,0,0,0,0,0
3402,2,2,0,1,0,3,0,13,2
3409,0,0,0,0,0,0,0,0,0
1948,1,1,1,0,1,0,4,0,1
623,0,2,0,0,0,0,0,0,0
997,0,0,0,0,0,0,0,0,0
729,1,1,1,0,1,0,5,0,1
98,2,2,0,1,0,2,0,9,2
1409,0,0,0,0,0,0,0,0,0
1927,0,1,0,0,0,0,0,0,0
2138,1,1,1,0,1,0,4,0,1
1726,0,0,0,0,0,0,0,0,0
2509,0,0,0,0,0,0,0,0,0
321,1,1,1,0,1,0,4,0,1
1499,0,0,0,0,0,0,0,0,0
537,2,2,0,1,0,1,0,4,2
2993,1,2,1,0,1,0,5,0,1
3546,1,1,1,0,1,0,4,0,1
1241,1,1,1,0,1,0,4,0,1
1018,0,0,0,0,0,0,0,0,0
3006,1,1,1,0,1,0,5,0,1
18,2,2,0,1,0,2,0,9,2
1072,0,1,0,0,0,0,0,0,0
2716,0,0,0,0,0,0,0,0,0
383,0,1,0,0,0,0,0,0,0
1959,1,1,1,0,1,0,5,0,1
1881,0,0,0,0,0,0,0,0,0
1410,1,1,1,0,1,0,5,0,1
842,1,1,1,0,1,0,5,0,1
2635,0,2,0,0,0,0,0,0,0
289,1,1,1,1,1,1,5,4,1
3532,0,2,0,0,0,0,0,0,0
1448,1,1,1,0,1,0,5,0,1
621,1,0,1,0,1,0,5,0,1
367,2,0,0,1,0,1,0,5,2
928,0,0,0,0,0,0,0,0,0
3677,1,1,1,0,1,0,5,0,1
1258,1,1,1,0,1,0,4,0,1
3080,0,2,0,0,0,0,0,0,0
2494,0,0,0,0,0,0,0,0,0
2073,0,0,0,0,0,0,0,0,0
857,2,2,0,1,0,1,0,2,2
2400,0,0,0,0,0,0,0,0,0
891,1,0,1,0,1,0,4,0,1
3265,1,1,1,0,1,0,4,0,1
1315,0,0,0,0,0,0,0,0,0
2222,2,2,0,1,0,1,0,4,2
647,0,0,0,0,0,0,0,0,0
1709,2,2,0,1,0,1,0,4,2
94,2,2,0,1,0,2,0,9,2
968,2,0,0,1,0,1,0,4,2
1703,0,1,0,0,0,0,0,0,0
1117,0,0,0,0,0,0,0,0,0
2541,2,1,0,1,0,1,0,4,2
266,2,2,0,1,0,2,0,9,2
3293,1,0,1,0,1,0,4,0,1
1290,0,0,0,0,0,0,0,0,0
3160,0,0,0,0,0,0,0,0,0
1389,1,1,1,1,2,1,10,5,1
783,1,1,1,0,1,0,5,0,1
2082,1,0,1,0,1,0,5,0,1
2158,0,0,0,0,0,0,0,0,0
3482,1,0,1,1,1,1,5,4,1
2187,0,0,0,0,0,0,0,0,0
636,0,0,0,0,0,0,0,0,0
1394,0,0,0,0,0,0,0,0,0
738,0,2,0,0,0,0,0,0,0
2638,2,2,0,1,0,1,0,4,2
1215,1,2,1,0,1,0,4,0,1
2433,0,2,0,0,0,0,0,0,0
1337,0,0,0,0,0,0,0,0,0
720,0,0,0,0,0,0,0,0,0
2676,1,1,1,0,1,0,5,0,1
1874,0,2,0,0,0,0,0,0,0
603,0,1,0,0,0,0,0,0,0
2178,0,0,0,0,0,0,0,0,0
164,2,2,0,1,0,3,0,13,2
2639,0,0,0,0,0,0,0,0,0
1268,0,0,0,0,0,0,0,0,0
3511,1,0,1,0,1,0,5,0,1
2302,0,0,0,0,0,0,0,0,0
3179,1,1,1,0,1,0,4,0,1
1096,1,1,1,0,1,0,5,0,1
3606,1,1,1,0,1,0,5,0,1
2157,1,2,1,0,1,0,5,0,1
2193,0,1,0,0,0,0,0,0,0
1641,2,0,0,1,0,1,0,5,2
287,2,2,0,1,0,2,0,9,2
769,1,1,1,1,2,1,7,4,1
3536,1,2,1,0,1,0,5,0,1
1237,0,2,0,0,0,0,0,0,0
922,1,1,1,0,1,0,5,0,1
3767,1,1,1,0,1,0,5,0,1
3507,1,1,1,0,1,0,5,0,1
1362,1,1,1,0,1,0,5,0,1
3469,0,0,0,0,0,0,0,0,0
565,0,0,0,0,0,0,0,0,0
1341,1,0,1,0,1,0,5,0,1
145,2,2,0,1,0,2,0,9,2
3702,1,0,1,0,1,0,5,0,1
1336,0,0,0,0,0,0,0,0,0
3351,1,1,1,0,2,0,9,0,1
2081,2,1,0,1,0,1,0,4,2
212,2,2,0,1,0,2,0,9,2
3508,1,0,1,1,2,1,9,5,1
581,1,1,1,0,1,0,5,0,1
3048,2,2,0,1,0,3,0,13,2
3759,1,0,1,0,1,0,5,0,1
1252,1,1,1,0,2,0,7,0,1
1281,2,1,0,1,0,1,0,4,2
2766,2,2,0,1,0,2,0,9,2
2590,1,1,1,0,1,0,5,0,1
202,2,2,0,1,0,2,0,9,2
3802,1,2,1,0,1,0,5,0,1
3433,1,0,1,1,1,1,4,4,1
2028,0,1,0,0,0,0,0,0,0
1547,0,2,0,0,0,0,0,0,0
2900,1,1,1,0,2,0,9,0,1
971,0,0,0,0,0,0,0,0,0
3247,0,2,0,0,0,0,0,0,0
1326,1,1,1,0,1,0,5,0,1
216,2,2,0,1,0,2,0,9,2
1746,0,0,0,0,0,0,0,0,0
1774,1,0,1,0,1,0,5,0,1
3703,1,0,1,0,1,0,5,0,1
2708,1,0,1,0,1,0,5,0,1
496,1,0,1,0,1,0,5,0,1
2307,0,1,0,0,0,0,0,0,0
1823,2,2,0,1,0,1,0,4,2
751,1,1,1,0,1,0,5,0,1
613,0,0,0,0,0,0,0,0,0
446,0,0,0,0,0,0,0,0,0
2002,0,0,0,0,0,0,0,0,0
778,2,0,0,1,0,1,0,5,2
1852,1,1,1,0,1,0,4,0,1
3279,0,2,0,0,0,0,0,0,0
2184,0,1,0,0,0,0,0,0,0
21,2,2,0,1,0,2,0,9,2
76,2,2,0,1,0,2,0,9,2
3640,1,2,1,0,1,0,5,0,1
1612,0,0,0,0,0,0,0,0,0
336,2,0,0,1,0,2,0,9,2
2769,2,1,0,1,0,1,0,4,2
2057,0,0,0,0,0,0,0,0,0
2736,1,1,1,0,1,0,5,0,1
123,2,2,0,1,0,2,0,9,2
1999,1,1,1,0,1,0,5,0,1
2916,0,2,0,0,0,0,0,0,0
1998,1,0,1,0,1,0,5,0,1
756,0,2,0,0,0,0,0,0,0
526,1,1,1,0,1,0,5,0,1
1238,0,0,0,0,0,0,0,0,0
2713,0,0,0,0,0,0,0,0,0
1517,0,0,0,0,0,0,0,0,0
1457,1,0,1,0,1,0,5,0,1
1159,0,0,0,0,0,0,0,0,0
3123,1,0,1,0,1,0,5,0,1
344,0,2,0,0,0,0,0,0,0
3809,0,0,0,0,0,0,0,0,0
3269,1,1,1,0,1,0,4,0,1
1254,0,0,0,0,0,0,0,0,0
1246,0,0,0,0,0,0,0,0,0
2687,2,0,0,1,0,1,0,4,2
1801,0,0,0,0,0,0,0,0,0
150,2,2,0,1,0,2,0,9,2
3470,2,1,1,1,1,2,5,9,2
1570,0,1,0,0,0,0,0,0,0
3144,0,0,0,0,0,0,0,0,0
3187,2,2,0,1,0,2,0,9,2
2770,1,1,1,1,1,1,5,4,1
2719,1,0,1,0,1,0,5,0,1
141,2,2,0,1,0,2,0,9,2
811,0,1,0,0,0,0,0,0,0
1343,0,0,0,0,0,0,0,0,0
775,1,1,1,0,1,0,5,0,1
223,2,1,0,1,0,2,0,9,2
2294,1,1,1,0,1,0,4,0,1
3531,2,2,1,1,1,1,4,5,2
3819,0,0,0,0,0,0,0,0,0
774,0,1,0,0,0,0,0,0,0
1689,2,2,1,1,1,1,2,4,2
39,0,2,0,0,0,0,0,0,0
443,1,0,1,0,1,0,5,0,1
1009,0,0,0,0,0,0,0,0,0
2955,0,2,0,0,0,0,0,0,0
1078,0,2,0,0,0,0,0,0,0
57,2,2,0,1,0,2,0,9,2
2858,2,0,0,1,0,2,0,9,2
1077,0,1,0,0,0,0,0,0,0
1728,0,1,0,0,0,0,0,0,0
2910,0,0,0,0,0,0,0,0,0
831,2,2,0,1,0,2,0,9,2
3590,1,2,1,0,1,0,5,0,1
3646,1,1,1,0,1,0,5,0,1
162,2,2,0,1,0,2,0,9,2
3184,1,1,1,0,1,0,5,0,1
1323,0,0,0,0,0,0,0,0,0
2247,0,0,0,0,0,0,0,0,0
241,2,2,0,1,0,2,0,9,2
3693,0,0,0,0,0,0,0,0,0
2581,1,2,1,0,1,0,5,0,1
2697,2,2,0,1,0,3,0,13,2
1170,0,2,0,0,0,0,0,0,0
1652,0,0,0,0,0,0,0,0,0
1110,1,0,1,0,1,0,4,0,1
2692,2,0,0,1,0,2,0,9,2
475,1,1,1,0,2,0,8,0,1
3599,1,1,1,0,1,0,4,0,1
1975,0,0,0,0,0,0,0,0,0
1063,0,0,0,0,0,0,0,0,0
499,0,0,0,0,0,0,0,0,0
2297,0,2,0,0,0,0,0,0,0
293,2,2,0,1,0,2,0,9,2
3598,2,0,0,1,0,1,0,4,2
656,0,2,0,0,0,0,0,0,0
3867,1,1,1,0,1,0,4,0,1
2585,2,1,1,1,1,1,2,5,2
3442,2,0,0,1,0,1,0,4,2
2534,0,0,0,0,0,0,0,0,0
2576,1,2,1,0,1,0,4,0,1
185,2,2,0,1,0,2,0,9,2
174,2,2,0,1,0,1,0,5,2
1207,1,1,1,1,2,1,9,5,1
3719,1,2,1,0,1,0,5,0,1
2982,2,1,1,1,1,2,4,10,2
3060,2,0,1,1,1,1,3,4,2
3128,1,1,1,0,1,0,5,0,1
1552,1,0,1,0,1,0,4,0,1
1352,1,0,1,0,1,0,5,0,1
2851,1,0,1,0,1,0,5,0,1
1729,1,0,1,0,1,0,5,0,1
186,2,2,0,1,0,2,0,9,2
693,1,1,1,0,1,0,4,0,1
3441,2,0,0,1,0,1,0,4,2
930,1,1,1,0,2,0,8,0,1
2876,1,1,1,0,1,0,5,0,1
3749,0,0,0,0,0,0,0,0,0
3250,1,0,1,0,1,0,4,0,1
1291,0,1,0,0,0,0,0,0,0
405,1,2,1,0,1,0,5,0,1
2146,0,1,0,0,0,0,0,0,0
3310,1,1,1,0,2,0,10,0,1
436,0,0,0,0,0,0,0,0,0
27,2,2,0,1,0,2,0,9,2
1172,0,2,0,0,0,0,0,0,0
1811,0,0,0,0,0,0,0,0,0
284,2,2,0,1,0,2,0,9,2
2904,1,1,1,0,1,0,5,0,1
637,0,0,0,0,0,0,0,0,0
1142,0,0,0,0,0,0,0,0,0
2106,1,2,1,1,1,1,5,5,1
3555,1,1,1,1,1,1,5,5,1
2986,1,1,1,0,1,0,5,0,1
2849,1,1,1,0,1,0,5,0,1
2528,2,0,0,1,0,1,0,4,2
493,0,0,0,0,0,0,0,0,0
1283,1,0,1,0,1,0,4,0,1
385,0,2,0,0,0,0,0,0,0
2102,1,0,1,0,1,0,4,0,1
3874,1,1,1,0,1,0,5,0,1
824,0,0,0,0,0,0,0,0,0
2117,1,2,1,0,1,0,4,0,1
813,0,1,0,0,0,0,0,0,0
3401,2,2,0,1,0,2,0,8,2
3152,1,1,1,0,1,0,5,0,1
1480,0,1,0,0,0,0,0,0,0
3207,2,1,1,1,1,1,2,5,2
1578,0,0,0,0,0,0,0,0,0
689,0,1,0,0,0,0,0,0,0
3872,1,1,1,0,2,0,9,0,1
1635,1,1,1,0,1,0,5,0,1
3663,0,1,0,0,0,0,0,0,0
270,2,2,0,1,0,3,0,13,2
1479,1,1,1,0,1,0,2,0,1
3057,0,2,0,0,0,0,0,0,0
3522,1,1,1,0,1,0,5,0,1
296,2,2,0,1,0,1,0,4,2
3161,2,0,0,1,0,1,0,4,2
2948,1,2,1,0,1,0,5,0,1
3804,1,1,1,0,1,0,5,0,1
1043,0,0,0,0,0,0,0,0,0
469,1,0,1,0,1,0,5,0,1
1234,1,1,1,0,1,0,5,0,1
3246,1,1,1,1,1,1,5,4,1
2533,1,1,1,0,1,0,5,0,1
349,1,0,1,0,1,0,2,0,1
1144,0,0,0,0,0,0,0,0,0
114,2,2,0,1,0,2,0,9,2
3846,1,2,1,0,1,0,5,0,1
1969,2,0,0,1,0,1,0,5,2
1111,0,2,0,0,0,0,0,0,0
3204,1,1,1,0,1,0,4,0,1
259,2,2,0,1,0,2,0,9,2
390,0,1,0,0,0,0,0,0,0
520,0,0,0,0,0,0,0,0,0
184,0,2,0,0,0,0,0,0,0
1138,1,0,1,0,1,0,4,0,1
3199,2,1,1,1,1,2,4,9,2
3031,0,0,0,0,0,0,0,0,0
422,1,0,1,0,1,0,5,0,1
143,2,2,0,1,0,2,0,9,2
2658,0,0,0,0,0,0,0,0,0
267,2,2,0,1,0,2,0,9,2
1392,0,0,0,0,0,0,0,0,0
898,1,2,1,0,1,0,4,0,1
2792,1,0,1,0,2,0,9,0,1
3382,0,0,0,0,0,0,0,0,0
3077,1,1,1,0,1,0,5,0,1
429,0,2,0,0,0,0,0,0,0
2197,0,0,0,0,0,0,0,0,0
3711,0,0,0,0,0,0,0,0,0
602,1,1,1,0,1,0,5,0,1
318,0,0,0,0,0,0,0,0,0
2573,0,0,0,0,0,0,0,0,0
2265,1,1,1,0,1,0,5,0,1
1052,0,2,0,0,0,0,0,0,0
1256,1,0,1,0,1,0,5,0,1
458,1,1,1,0,1,0,4,0,1
24,2,2,0,1,0,2,0,9,2
3403,1,1,1,0,1,0,2,0,1
2011,0,1,0,0,0,0,0,0,0
2114,1,1,1,0,2,0,7,0,1
1296,2,0,0,1,0,1,0,4,2
298,2,2,0,1,0,2,0,9,2
2267,0,2,0,0,0,0,0,0,0
2004,0,0,0,0,0,0,0,0,0
3452,2,2,1,1,1,1,3,4,2
2295,1,1,1,0,1,0,5,0,1
3206,1,0,1,1,2,1,10,5,1
3600,1,1,1,0,1,0,4,0,1
2440,1,0,1,0,1,0,4,0,1
1309,0,0,0,0,0,0,0,0,0
2168,0,0,0,0,0,0,0,0,0
3418,2,2,0,1,0,1,0,4,2
3288,0,0,0,0,0,0,0,0,0
3692,1,2,1,0,1,0,5,0,1
2531,1,1,1,0,1,0,5,0,1
3424,0,0,0,0,0,0,0,0,0
3529,1,0,1,0,1,0,5,0,1
2689,0,2,0,0,0,0,0,0,0
2605,0,0,0,0,0,0,0,0,0
3458,1,1,1,0,1,0,5,0,1
3367,0,2,0,0,0,0,0,0,0
3492,1,2,1,0,1,0,5,0,1
2323,0,1,0,0,0,0,0,0,0
3579,1,0,1,0,1,0,5,0,1
2920,1,2,1,0,1,0,5,0,1
2537,1,2,1,0,1,0,5,0,1
2299,1,1,1,0,1,0,5,0,1
1991,0,0,0,0,0,0,0,0,0
2230,0,2,0,0,0,0,0,0,0
1750,0,0,0,0,0,0,0,0,0
2237,0,2,0,0,0,0,0,0,0
232,2,2,0,1,0,2,0,9,2
3378,1,1,1,0,1,0,5,0,1
3615,1,1,1,0,1,0,5,0,1
2,2,2,0,1,0,2,0,9,2
3755,1,1,1,0,1,0,5,0,1
2399,0,0,0,0,0,0,0,0,0
759,0,0,0,0,0,0,0,0,0
2087,1,1,1,0,1,0,5,0,1
328,0,2,0,0,0,0,0,0,0
717,0,0,0,0,0,0,0,0,0
59,2,2,0,1,0,2,0,9,2
130,2,2,0,1,0,2,0,9,2
2321,0,0,0,0,0,0,0,0,0
2922,2,0,0,1,0,3,0,13,2
1242,0,2,0,0,0,0,0,0,0
2724,0,0,0,0,0,0,0,0,0
665,0,2,0,0,0,0,0,0,0
1439,0,0,0,0,0,0,0,0,0
1007,0,0,0,0,0,0,0,0,0
2966,1,1,1,0,2,0,9,0,1
2978,1,1,1,0,1,0,5,0,1
302,2,2,0,1,0,1,0,4,2
590,0,0,0,0,0,0,0,0,0
131,2,2,0,1,0,3,0,13,2
3870,1,0,1,0,1,0,4,0,1
2039,2,2,0,1,0,1,0,4,2
3650,0,0,0,0,0,0,0,0,0
1481,0,2,0,0,0,0,0,0,0
2113,0,0,0,0,0,0,0,0,0
1301,0,1,0,0,0,0,0,0,0
1282,0,0,0,0,0,0,0,0,0
3211,1,1,1,0,1,0,5,0,1
1647,0,0,0,0,0,0,0,0,0
2960,0,0,0,0,0,0,0,0,0
2822,2,0,1,1,1,1,4,5,2
2650,2,0,1,1,1,1,2,4,2
1769,2,0,0,1,0,1,0,2,2
2945,1,1,1,0,2,0,9,0,1
2536,1,1,1,0,1,0,5,0,1
1508,2,0,0,1,0,1,0,4,2
81,2,2,0,1,0,2,0,9,2
2076,0,0,0,0,0,0,0,0,0
1118,0,0,0,0,0,0,0,0,0
3468,1,1,1,0,1,0,5,0,1
2789,1,1,1,0,1,0,5,0,1
855,1,1,1,0,1,0,5,0,1
2033,1,2,1,0,2,0,8,0,1
